0.6015381619937694,1.2269938650306749,0.11031363681053977,0.5537527374079235,0.12896671826625386,0.1093921549056792,1.1345182791355282,0.11506558641975309,0.10733543595482756,0.10286124500051277,0.25706024096385544,1.086445223849804,0.10239185750636132,0.11857060296667309,0.10421810699588477,0.10426443582942256,0.12124711316397228,0.10660052642235271,0.11116685060700311,1.1947277275351165,0.10956590841362869,0.11125408294565971,0.12669856459330145,1.1685382286886046
0.7137894432114252,1.2262773722627738,0.11966308451931455,0.5754244773775641,0.13892341524046276,0.11917047033141497,1.1297125236247887,0.1255928666287232,0.11561274756207902,0.1108963271950351,0.2860293412599482,1.0805716023107328,0.10904387623122078,0.12862910978657952,0.11149542217700915,0.1125506072874494,0.13096823283241393,0.11464651486526797,0.12002382606969125,1.1926307751050018,0.11952662721893491,0.11964563862928349,0.1365663851191041,1.1626024096385543
0.8575424202871527,1.1881080098190744,0.11542890040299367,0.5168431183830606,0.12853352849693533,0.11497745540090179,1.1135065957865722,0.11995526144095442,0.1106286390999704,0.10757376051911183,0.3075333458575991,1.0867482161060142,0.10644902864009613,0.12449345019319574,0.10848287112561175,0.10864544632995281,0.12633451957295375,0.11134183723919708,0.11682242990654206,1.1637633907778295,0.1147684241188465,0.11501964919006998,0.12625892693645852,1.1477045908183632
1.1537555723778283,1.201560036511493,0.11200542235024993,0.3064474477059482,0.12526096033402923,0.11544434857635893,1.1237580617047238,0.11795128461795129,0.10715861947215112,0.10722548496173696,0.5296684851028116,1.090592955862684,0.10683798292704391,0.11998657492867931,0.10847245781626641,0.10784575652328791,0.11800100284138391,0.11039188243526941,0.13703864524533219,1.1743671150472053,0.11235664395964473,0.11934931506849315,0.13252113376429636,1.1558880716882238
1.1571381632988336,1.201647736362182,0.1172158154859967,0.27725830689597597,0.13089516982976296,0.11916046039268788,1.120163627066644,0.1224307417336908,0.11017314152812473,0.10991815541670334,0.5661465951568341,1.0903979618729684,0.10761245674740484,0.12439996745586201,0.11092599088039284,0.1101275709450664,0.12290956324078584,0.11379752242631354,0.13945780572788305,1.1765422077922079,0.11617560648031562,0.12399101273196306,0.13837489943684633,1.157234779739317
1.14513882440338,1.2008578207702136,0.165359477124183,0.28842145158233845,0.18282828282828284,0.16177174017028603,1.1154401154401155,0.1751287711552612,0.14352437481755376,0.13834927521940638,0.6185434122088206,1.0793229012892431,0.12737127371273713,0.17431870669745958,0.13679850083834696,0.14148068036574574,0.17398090341535072,0.1507338740826574,0.17885167464114832,1.1699752996066233,0.16206436869167778,0.17013856159864266,0.19241688799340598,1.148430243358722
0.7689706987227648,1.0997085134184341,0.115263353115727,0.7089538518109947,0.11826884722776226,0.119292546471756,1.1537226928221131,0.11259504776759602,0.12031943212067436,0.11825192802056556,0.3159249023158296,1.1696585709257303,0.1225046170081787,0.11933106575963719,0.12111278461947374,0.11725233974924952,0.11806090979182729,0.11804324707550513,0.12521211038671073,1.1254674276717183,0.11749204906860518,0.1175221565731167,0.11288862058557199,1.1411162790697675
0.766531348669373,1.1031746031746033,0.1174955595026643,0.7869527145359019,0.11891007124975929,0.12131656039979322,1.160790689714188,0.1135596399099775,0.12261511065886543,0.12137203166226913,0.30234253942211287,1.177619893428064,0.12410360246351135,0.12154796511627906,0.12395281244657207,0.12144549763033176,0.1187066974595843,0.12072332116478479,0.12701144479821014,1.1238248979204255,0.12031114952463268,0.11986964946274441,0.11368034055727554,1.147370310536708
0.5830044301248489,1.107342206955775,0.11672903893622104,0.6706289852790679,0.11929584686378397,0.12031527702650491,1.1603317208016586,0.1145344943067649,0.12051693813565803,0.11991451034272194,0.3167253953945751,1.1736686165767682,0.12110492247478549,0.1209113100081367,0.12195121951219512,0.11956355867541583,0.11849519390122638,0.11972100866099486,0.12616498498035894,1.1330628117338744,0.11894169983610396,0.12008871989860583,0.11400343642611684,1.1480297338342258
1.1407794676806084,0.8701259445843829,0.11923838250541993,0.14498933901918976,0.12317682317682317,0.13853561046511628,1.1593535572408813,0.11724815724815725,0.12049479398415948,0.12572706935123043,0.8146937205500528,1.1703716877111863,0.12508909479686386,0.12147567619229667,0.12524619516562221,0.12111497016653308,0.11871968962172648,0.12106255048012204,0.1787492080731288,1.1151868696855844,0.12176308539944904,0.13087248322147652,0.1294260062544134,1.1445885806268346
1.147103274559194,0.9081567116249197,0.11987694750421753,0.14836940554304182,0.12032312925170068,0.1364513018322083,1.1708178261284474,0.11531699245009826,0.1236050690372612,0.12962260572728998,0.8283218203982121,1.194915254237288,0.12941621008879653,0.12071580224446467,0.12814667046641967,0.12489347599659123,0.11732186732186732,0.12343215507411631,0.18734396005377377,1.1222976501305484,0.12318911035488575,0.13357649842271294,0.12719298245614036,1.1528139395153214
1.1568849922640536,0.9885644498723215,0.11555239931013493,0.15767344078486334,0.11736020806241873,0.12945461705060052,1.1744084136722173,0.11332410267334114,0.11571277921579906,0.12029930928626247,0.8528278304343297,1.1924842226047045,0.12297335735280175,0.11781076066790352,0.12071435392990164,0.11819312852904584,0.11501362969175928,0.1169945987654321,0.1674291832960187,1.1286599700790767,0.11909225456339417,0.12808129590502063,0.12402088772845953,1.1616295691239535
0.636416376595392,1.2250937550953855,0.11444684027201858,0.5070778564206269,0.12885453498889893,0.1162037825864713,1.1339285714285714,0.12161388002291514,0.10837651122625216,0.10805345524881309,0.45028712059064807,1.0973614775725593,0.10774849986955387,0.1234232005936186,0.10873408769448373,0.10874293170943888,0.12205497382198953,0.11143468950749465,0.12941277032224976,1.1931091058244463,0.11430747102123699,0.11739639037433156,0.12864018272289746,1.163735899137359
0.8987341772151899,1.2177010061437095,0.11110113166876234,0.37020890099909176,0.12564513258586937,0.11274823830877642,1.1238315594632116,0.11921471084658435,0.10618317061831706,0.1057322450511305,0.48635191606650663,1.0875645236977944,0.10685314685314685,0.118948210002665,0.10769375470278404,0.10701966999160996,0.1175531914893617,0.10948905109489052,0.12624309392265193,1.1837424404126646,0.11178880291306327,0.11380715255771842,0.1249113475177305,1.1476228703951477
0.46716287215411556,1.2024742861252966,0.11267090736272574,0.2604948361691062,0.12765491569958398,0.11865553801037672,1.1211525372457083,0.11994784876140809,0.10845771144278607,0.10976467828942225,0.4973180632067266,1.097823524789817,0.10705407085146053,0.12086477074869414,0.10951893551688843,0.10852713178294573,0.11879112139397006,0.11008199210446401,0.1341638354095885,1.1826636634454697,0.11389845739104389,0.11947783759864297,0.1276442134141939,1.1490044489825688
0.6964310226492794,0.13406016555622854,0.11273255411854208,0.11104922369978416,0.12637325145001707,0.13197789742136581,0.9077176403207331,0.11880918318686559,0.1076511812730294,0.11792905081495686,0.8004890972080702,0.42243241230356743,0.10644876325088339,0.11927357137980474,0.10794146051556348,0.10937841579829484,0.11813373118133731,0.11085516844226893,0.14940239043824702,0.915595456709515,0.10986232087665075,0.12464352785699381,0.12846449524580214,0.757408683666437
1.0578778135048232,0.1426786411557985,0.1105102280743005,0.1089352255609292,0.1254210732471602,0.12855445544554456,1.0541180183023036,0.11830218068535825,0.10742218675179568,0.11510158374660054,0.8261211026466662,0.3229965983703821,0.10560311284046693,0.11711641041732036,0.1073617190608834,0.10833932997521388,0.11664195989701179,0.10957387935805202,0.15869874940636378,1.0915058216769555,0.11005467078678394,0.1210401891252955,0.13019455252918288,1.084672677381419
0.8630762840924824,0.144349477682811,0.11264158858900854,0.1139947669896047,0.12692943770672546,0.13091505131128847,0.8590400577408878,0.11940708207521274,0.10712458896602119,0.12118498619506007,0.7705075445816186,0.2626323751891074,0.1067193675889328,0.11996431267586302,0.10947146514079205,0.11068476977567887,0.11756636257630838,0.11033033903216459,0.14360632183908045,0.8074734316078163,0.11064495484604991,0.12677841949570362,0.12851104445050449,0.541115903715041
1.1219494427041596,1.090781905798228,0.11368892743567505,0.5640861134873111,0.11820148331273177,0.11577169399676261,1.1325225414132942,0.11255969074509209,0.11708640601085293,0.11567138178524144,0.24195338512763595,1.1070059254095503,0.11889420078985657,0.11774594357550065,0.11795984048135451,0.11492257482119297,0.11819269898264512,0.11544353154156803,0.11806334080717489,1.1097207385930108,0.1146105501023939,0.11539566278902771,0.11390933746609841,1.1240298832233264
1.1466735354724757,1.111892532595812,0.11628075778471365,0.5956821116052217,0.11858573216520651,0.11768456851353266,1.1602190549743734,0.11321764391101598,0.11986229185695216,0.11848774992959729,0.24278362049675542,1.1362908280520927,0.12031173891865563,0.11981055280100644,0.12135922330097088,0.11786165286937,0.11903683574879227,0.11824868651488617,0.11930860033726813,1.1334155934294747,0.11641451807656794,0.11814437459353999,0.11366327255505565,1.1497010354382382
1.1535353535353536,1.1156641410236585,0.11667261692252767,0.6709850031683448,0.11885057471264368,0.11779831815970533,1.1603708316037082,0.11458099303527297,0.11880506607929515,0.11799736860328232,0.2614699006428989,1.1520797524922655,0.12036403448747776,0.1217524197656648,0.12100980596703526,0.1169054836042987,0.11912689604143545,0.11804547653604257,0.11964149239213506,1.1394361927856926,0.11703538279014586,0.1179974471706141,0.11476293103448276,1.1564567155593903
0.13226452905811623,0.1140862580089892,0.11776339446242359,0.11929386590584878,0.12138508371385083,0.14231515793188637,0.12953413163185037,0.11389330094366065,0.12162752117349167,0.12873543072473928,0.8776127612761276,0.12725694444444444,0.1252843394575678,0.1191497126174619,0.12357381077760225,0.12192354686681794,0.11578558907648306,0.11922607634652257,0.1706098843322818,0.13114908884902277,0.1189251507626818,0.1279007497322385,0.12408061897029325,0.13351473922902493
0.12947329785281703,0.11095059231436001,0.1174276878297253,0.11820970943872947,0.12118320610687022,0.1428698356286095,0.12553116147308782,0.11392285091460524,0.12047980243429177,0.1285399205999118,0.8841684484521707,0.12380282927686495,0.125452778514003,0.11899714259378745,0.12348945929258182,0.12281010652346157,0.11706906232453677,0.12015538094817692,0.16945107398568018,0.14251781472684086,0.11932833154698107,0.12892996285222433,0.12208465303771955,0.12995695576517996
0.1377161986237679,0.13051060943707005,0.11749059891772906,0.13076923076923078,0.12235225843892059,0.14240818891981682,0.1450476954622448,0.11421512732801216,0.1199468085106383,0.12681579181891098,0.8679932735426009,0.14409937888198757,0.12482256919801278,0.1191207972431778,0.12215099715099716,0.12216034650402192,0.1172316384180791,0.11932624113475178,0.17093481375358166,0.14656327780968792,0.11825632711879672,0.12889131622064445,0.12354763749031758,0.14882217090069283
0.890382626680455,1.1962238123976205,0.11027308192457737,0.42732941073153596,0.12981552981552982,0.11018747789175805,1.1204701273261508,0.11493572395128553,0.10941840666726409,0.1043493986798083,0.28844833504977685,1.070698851821716,0.10473033506540047,0.12100378136816775,0.10573444283646889,0.10556656458295803,0.12247702482178133,0.10787198003031113,0.11304578398444405,1.173582650273224,0.10979595442098755,0.11083894672382119,0.12476563831600478,1.141289319045973
0.840140609306997,1.2200284447419059,0.11076482479784366,0.5615658967391305,0.12774484428487934,0.10968905686308195,1.1174799896720888,0.11613438407299875,0.10869752607533834,0.10389496717724289,0.27111332337813177,1.0783660589060309,0.10601224877080997,0.11919427334776095,0.10640541252965469,0.10467338429464906,0.12073100140577193,0.10691283812795191,0.11245704467353952,1.1791926758218894,0.10978847306671234,0.11048230424866966,0.12309096945551129,1.1454682652804562
0.8818365968939905,1.202001513749895,0.11022282701139649,0.45395757889291255,0.12787104318048945,0.10971379011274934,1.1117887949812668,0.11554149671189545,0.10977973568281939,0.10525381611643593,0.27777312683131017,1.079668123829066,0.10638859556494192,0.11967528663486485,0.10662978495583118,0.10623291898086926,0.12044981257809247,0.10912421493370551,0.1128458669442276,1.1653595861838812,0.10906894468892915,0.11013896037056099,0.12341273134699975,1.1455179452287805
1.1491948470209339,1.2008144362823379,0.11336785887684091,0.14047482132588515,0.12550930734201485,0.11790501406586133,1.1221272712187838,0.11822660098522167,0.10746691084658287,0.10807159743329955,0.6770052623186095,1.091364099083814,0.10799427175469632,0.11919094630387672,0.10927068368123045,0.10773109243697479,0.1181608830302549,0.11071428571428571,0.14862188479947186,1.1749146079911033,0.11308588906340415,0.1219949474370467,0.13568596352101506,1.1454677185638384
1.15473391750374,1.1917721961799481,0.11236036036036036,0.1394027676620539,0.12596364665110688,0.12232709039964607,1.1314140811455846,0.11862496477881093,0.1075228532893751,0.11004126547455295,0.6606086221470837,1.0969135802469137,0.10781321532122692,0.1203598753187872,0.1099290780141844,0.1085429413097666,0.11772617867761574,0.11095348316284627,0.15021140864921,1.176931216931217,0.1124880838894185,0.12397354843398009,0.13394045534150614,1.1490078085822766
1.143774922463447,1.184510908828204,0.11311511912714317,0.15773989136994568,0.12614779186707478,0.11586710256215312,1.1173597863410911,0.11866744084772826,0.10801635676259548,0.10918544194107452,0.5758283462268282,1.0892998261419313,0.10753355574520909,0.12087428487604518,0.11023060464379111,0.10876509544215036,0.11787819253438114,0.11143425684983928,0.1418748567499427,1.1652591729761212,0.11298277562789286,0.11959439308082315,0.13516047601875225,1.1403703703703705
1.0110879112967097,1.1126641578987788,0.11534929716747899,0.7317465873293665,0.11719638928923613,0.11849630352908355,1.1650030976801817,0.1133274231678487,0.11803165863730214,0.11878109452736318,0.33415500616254623,1.1844640295142448,0.1196842893107437,0.1193727870510875,0.12094659859252105,0.11740085083024564,0.11468930688721364,0.11828178694158076,0.12666759310728182,1.1394338774898907,0.11650282367705501,0.11843771991555242,0.11289582377237264,1.1526173156468407
0.9951630389458761,1.1103502765341058,0.11381508153298568,0.9167967145790554,0.11518460738429537,0.11624888456234282,1.1558169513374155,0.11076896758190061,0.1156036903329322,0.11610366685388751,0.3251698398054181,1.1705451067899266,0.11881028938906753,0.11659979939819458,0.11909931644551669,0.11581131774283662,0.11391120507399577,0.11614821959649546,0.12339290046090402,1.1291100017214666,0.11579717211116529,0.11555226581133317,0.11133426475724764,1.1436652524748356
0.9001978456803693,1.1160524868390036,0.11737904100672597,0.7528719126938541,0.11836829117828501,0.12155557129701779,1.1645658756425603,0.11411773573528303,0.12070056974045157,0.12164730728616684,0.31507355659052266,1.1823007613326815,0.1238740311430766,0.12106038291605302,0.12328574442647162,0.12146176594845796,0.11669645516830504,0.12120786516853932,0.12751962656482072,1.131709173962695,0.11938061938061938,0.12017229002153625,0.11352449410110164,1.146440776557842
1.1406822437515265,0.3786707882534776,0.11681187479832204,0.12973492432129416,0.1198813056379822,0.14070789452846622,1.1601353478124017,0.11397274019566854,0.11855751099937147,0.1266180277712403,0.8297086581862946,1.1692608525615955,0.12214584814727028,0.11914684971806816,0.12389729048519219,0.11973704805133824,0.11549319163068748,0.11986760185987863,0.17489923338338734,1.116642839122025,0.1185149928605426,0.1303367166102787,0.12868243531722312,1.141323792486583
1.138412203154793,0.4180468820707756,0.11504424778761062,0.12327022667459037,0.1203456262248352,0.13905775075987842,1.1592629984856133,0.11271829246780737,0.11787901669603154,0.12590839952678723,0.8511930585683297,1.1394081649761088,0.12154183535762483,0.11651828161465987,0.12208273654056787,0.11893163111036452,0.11442786069651742,0.11797752808988764,0.17953260777862146,1.1120482997425198,0.11680622515436015,0.12801705756929638,0.12735595045772752,1.1374170759024727
1.1375761214512394,0.4844368477869737,0.11556503198294243,0.14208206171583587,0.12023798952135689,0.13681571249477642,1.154153820514957,0.11337030191004313,0.11672240802675585,0.12512520868113522,0.8446139180171592,1.1121464226289517,0.12099882688117983,0.11842446229593159,0.12231418777694172,0.1184703824043989,0.1151663319654239,0.11773037827028829,0.17228714524207012,1.112647525101286,0.11675766484670307,0.12773380988852012,0.1261502724917359,1.1427712912087913
0.7089516129032258,1.21110311175106,0.11420885302029836,0.2516213775552089,0.12699302940469515,0.11662941809452859,1.1244514366150533,0.11944333996023856,0.1087588210875882,0.10791003285317159,0.5000797193877551,1.0984231943031537,0.10727455581629232,0.12065798929968857,0.10930864616952607,0.10826853941978096,0.11890001589572405,0.11196076801595878,0.1341180371352785,1.180157907329133,0.1150186181216384,0.11763742115179815,0.12712066905615294,1.1561688311688312
0.3903524260187866,1.2086834733893557,0.11397788488800681,0.18798880677333715,0.12796307950492972,0.11844743626468061,1.1280724450194048,0.12093736922862323,0.10878084179970972,0.10888840038103613,0.4997900923593619,1.0983846210072363,0.10844856294794758,0.12197347182258404,0.10987237787883233,0.10876066817419214,0.12074865563237656,0.11160907908052624,0.1340717830684025,1.1833321719740784,0.11417888984756974,0.11946270362960847,0.12804623311516503,1.158939929328622
0.35772516793843345,1.1825063613231552,0.1143585719890153,0.21823953442232658,0.12628998968008256,0.11807132362762121,1.1214108828057023,0.120832,0.10932974065341866,0.11040120912338555,0.5217279340758385,1.0920461612880934,0.10844111640571817,0.12124927405304252,0.11042860100766098,0.11037812840043526,0.11982277017915623,0.11241926803013993,0.13519298949762526,1.1691063174114023,0.11402167409081843,0.12119017839510236,0.12646908533469597,1.1433418150975403
1.1321061180292367,0.13730907974518383,0.11210340775558167,0.11108479393652297,0.12743145964159902,0.13106719367588932,0.8835082697201018,0.11797235023041475,0.10659208949260887,0.11178762786166585,0.8729706855428175,0.6728551566205938,0.10537424906640688,0.11844331641285956,0.10686586660135522,0.10751128304319793,0.11861931119311193,0.10831675288499801,0.15308955342270167,1.080890793602204,0.11039319202584509,0.12215842051443404,0.13390139987827146,0.5536753861678181
0.8036476043276661,0.12375105332851812,0.11515038528461347,0.11224682945296233,0.12893158732101334,0.13657230298393266,0.39145725430014705,0.12081727534104117,0.10919762641898864,0.12309519097565802,0.7765872772913733,0.15997870499767086,0.10830181166633486,0.12253183244140986,0.11043882978723404,0.11173586139261196,0.11961751629210061,0.11148865239133222,0.15572616762635957,0.432420872540633,0.11341974837971788,0.13239348370927317,0.12896957920942376,0.32868649318463444
0.5032859735870313,0.13605192260592702,0.11294520982794744,0.11342532886252257,0.1281701494388293,0.13443472627146097,0.3941510542463607,0.12086680366149823,0.10746740418806795,0.12156547379707813,0.7884363500280671,0.2027533565051455,0.10721789223991868,0.12028859310859559,0.109006022058326,0.11035991250745675,0.11969857383072803,0.11019898863860249,0.14536015574302402,0.513824457227686,0.1112328413997551,0.12980953598363798,0.12730854469342526,0.31931346661637117
1.1338766006984866,1.10384588342825,0.1147509455734342,0.6133307965499746,0.11754579259055227,0.1176654964894684,1.1462623237239487,0.11231203007518797,0.11887415156610001,0.11759242058331786,0.278684227770133,1.146651056750262,0.11996804130047324,0.12122795558458524,0.11977681339119653,0.11736214605067063,0.11675833278112782,0.11755544480438575,0.12031152647975078,1.1185004406480916,0.11630537229029218,0.11853599438882867,0.11413422631505511,1.134003350083752
1.1477517457416955,1.111554901548595,0.11404639175257732,0.7144583677883086,0.1178825315756781,0.11522945032778618,1.160120278143206,0.11191675058744545,0.1189911349731552,0.11551443930491312,0.2448269066544045,1.1447041272998508,0.11782215056430609,0.11990046493353415,0.11873515810523684,0.11523096129837702,0.11774054698364347,0.11594564268794415,0.11863447755563938,1.128977427250476,0.1147229951935239,0.11598846523550144,0.11269574944071588,1.1475048606610498
1.1562603675933913,1.1139995738333688,0.1165579495288924,0.6063304302612765,0.11934761304773904,0.11841090254564156,1.1651734289005504,0.11272504091653028,0.12005361245851418,0.11820270615266786,0.26011638017523914,1.1599136288581227,0.11972278738555442,0.12210736912304102,0.12086092715231789,0.11825765777240017,0.11866693651757404,0.1185161496642149,0.1222100726828327,1.1355417529330574,0.11713806018339146,0.11785503830288745,0.11370694522868435,1.1538156852389754
0.13895216400911162,0.10936304107492134,0.11296565070149976,0.11228154177639454,0.10977367127235738,0.11369406537607109,0.11918238993710692,0.11020746887966805,0.11252936570086139,0.1315727607554267,0.7522703100711773,0.12575271760381637,0.11552658446556192,0.11607868639245651,0.11633935585231736,0.12027732336215627,0.11088295687885011,0.11173664868246148,0.1163895486935867,0.16486373165618448,0.11252771618625278,0.17091142079128624,0.11065748064982564,0.14456759161880106
0.136280841198874,0.10808932140064298,0.1133792424987703,0.11151020408163265,0.10963369649137857,0.11477401587558723,0.11735842985842986,0.11149502781055115,0.11468812877263582,0.1336438840253795,0.7640833333333333,0.12413903572000641,0.11692407212743591,0.11612689472376377,0.11795407098121086,0.12139191789608723,0.11081307627829003,0.11499237131614871,0.11777974703939419,0.16112098890864449,0.11355341065779868,0.17456154728732995,0.11209872281670694,0.14048772477214877
0.15052596426782436,0.12454308093994779,0.11525115664243225,0.12406015037593984,0.11190558235699517,0.11636630514555982,0.13538461538461538,0.11279218019549511,0.11519627518664205,0.13453167822021603,0.7497077976289864,0.14174179008370896,0.11788058008587864,0.1171816440409761,0.11917265896420781,0.12262258245726668,0.11394858828487148,0.11534118406194548,0.12099788720949131,0.17865962701183685,0.11533132284619774,0.16985172981878088,0.11257474651182944,0.1612205870125551
1.1127891264605356,1.1974330533988276,0.11069403402284163,0.4784968008423099,0.12960306073648972,0.11090332547361574,1.1208576998050683,0.11702630335485903,0.1093762840003287,0.104253198205682,0.291847525846421,1.0832503320053122,0.10535434370101476,0.12090700071354951,0.10527627752388866,0.10596409959467284,0.12223881770301077,0.10737544773689352,0.1138766878151944,1.1811772161926641,0.10946362015880733,0.11130756248493129,0.12431400620376998,1.1479091995221027
1.0887286408527983,1.20984375,0.11014082290929117,0.6465544617338838,0.12800252844500631,0.1101078705553336,1.1273895582329316,0.11525923626203043,0.1087341161331832,0.10400195614964544,0.2875529744153194,1.081702544031311,0.10483283412936129,0.11913159338506152,0.10554283845650753,0.1052376333656644,0.12037325038880249,0.10760756765386764,0.1131378063479309,1.1781424197220696,0.10939736047066306,0.11013875748975087,0.12248901443816698,1.149838925119824
1.1143347371704881,1.184793439104775,0.11117208937671501,0.6945063694267516,0.12848855440576984,0.11107574793125398,1.1220541401273885,0.11720197652872143,0.10961322420157278,0.10478507704785077,0.2871818818585104,1.0913383262780854,0.10668712647391375,0.12070573604849992,0.10691364042570477,0.10588235294117647,0.12208034880099658,0.1086506292815039,0.11516988355399585,1.1677109924963256,0.1098210735586481,0.11204923853862542,0.1229979785414399,1.15328125
1.1516284036305393,1.1901238296587133,0.11490399268515697,0.1971254153465729,0.12971250853371766,0.125,1.1255933390397634,0.12120984689282498,0.1092083754962248,0.11130489931821785,0.7217937084089534,1.0969711385981604,0.10838638685844533,0.12318071558520316,0.11094381488232032,0.1097675879396985,0.12113227433561695,0.11237696659691544,0.1611145703611457,1.1735343129828815,0.1155393901872775,0.12553746928746928,0.13975342053826492,1.1461427157109132
1.1583731735236684,1.0948885803081398,0.10984617469675409,0.13156277736055164,0.12468244417702902,0.1247753352689064,1.126203432398493,0.11651719983937893,0.10654812305955405,0.10960086299892124,0.7034778529786236,1.1040023371311716,0.10637988664438308,0.11891819340983827,0.10891160902037561,0.107206628097993,0.11638334894927051,0.10872765509989485,0.15367036011080332,1.173814295257181,0.11014732204323283,0.12511097452707778,0.13580328738069988,1.1461512605042017
1.143230918741123,1.167881062780599,0.11132827181838684,0.13522942737959803,0.12597072879330945,0.12031107044830741,1.1142638036809815,0.11742956444575908,0.10675063359189002,0.10847351045433108,0.7232546087214037,1.0927476694580502,0.10720425066416628,0.11838678473100678,0.10905219996845923,0.10767673621924634,0.11702676793746773,0.10971978315644804,0.15518958253542703,1.157550535077289,0.1120755291609563,0.1226357996671206,0.1341760922599246,1.1412153534139562
1.026905243910403,1.104106704106704,0.11472757862042189,0.639933593001724,0.116,0.11822503961965135,1.1567887253051465,0.11341389320191723,0.11574074074074074,0.11701660921341273,0.3433905212647078,1.1694033592379043,0.11732156180054713,0.11884039002683071,0.11927877947295423,0.11604629340006256,0.11421571873137787,0.11672517552657974,0.12735878826128116,1.1374384909786768,0.11644749380598438,0.1191653290529695,0.11360301823517083,1.1525699414443722
1.0642661804922515,1.1125955734406439,0.11287517955696681,0.5799144978624465,0.11475279739703198,0.11594955489614243,1.1559389515593894,0.1116050538137576,0.1148807771563144,0.11505139500734214,0.348635806253832,1.1676292126617442,0.11588076670796589,0.116793893129771,0.11776403004860804,0.11442822562898848,0.1126164267569856,0.11504489916090092,0.12455699940933254,1.1342334563152523,0.11461744566835368,0.11543098251959011,0.11104888391071285,1.150644427596664
1.089765430480933,1.1202181970767187,0.11895814435661527,0.7277681605436943,0.11919568822553897,0.12337413925019128,1.157785336356765,0.11692597831211693,0.12046215038828209,0.12217652641569124,0.3569918054454137,1.179892845887173,0.12364643666582725,0.12299114463758609,0.1238089188159065,0.12146055369868197,0.11811338351875292,0.12145417950814516,0.13181991606257154,1.1408796454142516,0.12088752869166029,0.1240020602626835,0.11650689244979358,1.153710708230077
1.141844947375662,0.21794210797672534,0.11681765547306042,0.13772616797191467,0.12269138842616065,0.1475201072386059,1.160431367327919,0.11555869872701556,0.1189048760991207,0.13070111192489514,0.8230572278735035,0.8291970802919708,0.12080090467637863,0.11962152082326127,0.12205667154449913,0.1203278033180092,0.1165897328297664,0.11901277275146355,0.18178183514359966,1.119626434733015,0.11751677852348993,0.13264959587040684,0.1288294216567961,1.1387729977429724
1.1385625965996908,0.2769557753617265,0.11611465457619304,0.12245827010622155,0.12258585858585859,0.14142253095741467,1.1479015485898107,0.11477488902980343,0.11742339521359875,0.1273296555837185,0.8556012731930751,0.9832935560859188,0.12161348585189645,0.11744266851980542,0.12159329140461216,0.11762085096903542,0.11569534865479646,0.11861873084684954,0.17290914560770157,1.1200319872051179,0.1167960214000452,0.1313662702043306,0.12742945433845654,1.1365458750963762
1.1416603198781416,0.2148581503446065,0.11914989825910016,0.13059757376067097,0.12192411493887918,0.14408921933085503,1.1489533602644142,0.11553044958600944,0.12069345478586645,0.12870193016060114,0.8318171393624341,0.8392647920328061,0.12424017790956264,0.12088080128450188,0.1253315649867374,0.12143961139324354,0.11662301648436296,0.12102518910185797,0.18158964879852127,1.1200595984943538,0.12013712922939335,0.13172346347701797,0.12774275911593394,1.1384370981163476
0.2923898531375167,1.2080005915409642,0.11209086833059334,0.24032062915910465,0.12569152467360034,0.11714436965892763,1.1326476190476191,0.11888626988803772,0.10714285714285714,0.10792799693603983,0.574987064823712,1.0965442429877577,0.10939907550077041,0.11873799320230531,0.10922554767047207,0.10812666921022511,0.11806323236789741,0.1106743271847596,0.14141643918713984,1.1790692528947562,0.11357968714577193,0.1181640625,0.12714852357866901,1.1577653631284917
1.125807420760102,1.197982062780269,0.10991330569166981,0.24039341262580055,0.1234678624813154,0.11339497210972721,1.1157251908396946,0.11591515870661524,0.10464937854841184,0.1058878650632516,0.5488097020512053,1.0960996240601504,0.10725674729719219,0.11749288602665868,0.10736891458935688,0.10558477722772278,0.11600237953599048,0.10800488848151543,0.13421998012688222,1.1728919704764036,0.11086525255608118,0.11538169964369646,0.12469328574615213,1.147286239771789
1.1294345898004434,1.19604341255667,0.11205752984709907,0.29400657388628576,0.12545793875717148,0.11769639362594353,1.1209981825807354,0.11785788131504583,0.10733564013840831,0.10937172408973374,0.5454419889502763,1.101646234676007,0.10777739370895265,0.11906410078914578,0.10988934024373162,0.10868810334050975,0.11776447105788423,0.1095681155395084,0.13894516241704505,1.174168975069252,0.11222710469414801,0.11850297306750612,0.12762453684643887,1.148866638854123
0.6820531488896978,0.14592678338880047,0.11133884781494766,0.11126687818195234,0.12697492390201479,0.13219537427030223,0.12349152291404457,0.11727233241638917,0.10615315852205005,0.11347197106690778,0.8901003052769297,0.15754673962608298,0.10668176670441676,0.11727543388279718,0.10701608639830829,0.10754462276886155,0.11714905933429812,0.10769572624250055,0.15530247004880934,0.87895192724123,0.11005384672125101,0.12042424688811962,0.13203214695752008,0.8711933556753606
0.49483749853338027,0.12123817712811694,0.11273498732983676,0.11085257442873336,0.12632932102372327,0.1370521760038471,0.5090171871217622,0.11868642836384771,0.10743501181603345,0.12319109461966604,0.7568727525809071,0.1633216256899147,0.10693821624314898,0.11942647315964329,0.10797124101281651,0.10958987836929283,0.11761976568843521,0.10869302381815983,0.146818429496882,0.5719439110955955,0.110440447020857,0.1305226853778914,0.12747760762785323,0.34011884450197094
0.6037006187529748,0.1337456964462858,0.11173484622275306,0.11418495774305344,0.12712215320910972,0.13659967010813123,0.13131436978911232,0.1185682326621924,0.10767234988880653,0.12175824175824176,0.765537224291881,0.1534738584983761,0.10679734429339235,0.12004994648590796,0.10846343467543139,0.1102028081123245,0.1188510086115371,0.1090585491591997,0.1518941011407308,0.24233309742863882,0.11028116839740086,0.1289735501091968,0.13000175757220692,0.25947747426054873
1.1518224844796854,1.1125555481859786,0.12581490282093463,0.6985886486159065,0.13191738113795792,0.1169096035030892,1.159242894673991,0.11432367455396684,0.12970836577040543,0.11631528509822713,0.30643653810206245,1.1629069698232248,0.13093824228028503,0.12229771463866584,0.11857305321122882,0.11581278429494853,0.11588574292157354,0.11567186473083588,0.1343185353595788,1.1431499391532698,0.11504424778761062,0.13062215477996966,0.11543783356394545,1.1474507886049639
1.1493730692349629,1.1272251308900523,0.11339773204535909,0.5804573804573805,0.11822501926534806,0.11583854596955033,1.1582311887865815,0.11311198649409117,0.11510581082661055,0.1148533474401928,0.2889877506246572,1.1730476524997073,0.11680065245252243,0.12219390850624924,0.11771630370806356,0.11460713657936368,0.11504806507271383,0.11501168224299066,0.12225039806569558,1.1387082517835723,0.11417439045988548,0.117102038376472,0.11382640824528424,1.148757838880849
1.1498637602179838,1.1225922054651336,0.11474349762896968,0.708192719178574,0.12070614196395733,0.11807590593953256,1.166856410986196,0.1123212081608945,0.11785231075980916,0.11704707560627675,0.2880466052934407,1.1803826730208407,0.11950451095517686,0.12207381875628322,0.11929349761413005,0.11652557444689479,0.11728617827499098,0.11729579867775645,0.12346030615877536,1.1383886255924172,0.11619743534637152,0.11617033520356783,0.1156926727973895,1.1505985234033402
1.1431000476093314,0.11645771432712515,1.0232291174285908,0.6270100753986788,1.1205567451820129,0.1291436922872517,0.9038854805725971,0.1446298373527762,1.153442278663779,0.12598892405063292,1.1364196685385564,0.13528830313014828,1.1865592817533668,0.13195060380705464,0.13248230703088829,0.13038608512320463,0.13190078076418157,0.11734895353428985,0.9974136215929438,1.1303242212333122,0.11788996936192887,1.151288781210041,0.1267565035670534,1.1288747202061995
0.12149596144709156,0.14808905649430706,0.11858371405536146,0.11808510638297873,0.12037698129373126,0.9957579372970107,0.13098915543871179,1.0923493850323118,0.12039715938979484,0.7569311820875865,0.269377990430622,1.163536417773706,0.13113784263458883,1.1344543535979303,1.1619625428646796,0.99612097304405,1.1296550776418854,0.15645499868800838,0.12193347880711498,0.12224096724307605,0.20598182903375556,0.12047065115657174,0.18481540008619451,0.1216535167577045
0.13406998158379374,0.1292724992160552,0.11552267233169732,0.12569100960139656,0.11838965437610653,0.1493098214930982,0.1462345501580914,0.11742911153119093,0.11845888441633122,0.12375881421787308,0.5647468682825587,0.13873330461008185,0.1214528124774352,0.12388401092009149,0.12490995533784757,0.12335337915234823,0.1199970075559213,0.11766394030707418,0.12084744541327376,0.13431134083307997,0.11640862393286065,0.11883145409283936,0.12322825497637674,0.13460266117768138
1.1453300218258449,1.2060037523452158,0.11195603071826532,0.6486814186117005,0.1279304920979702,0.11151051625239006,1.1123741226731767,0.11661460657444593,0.10833588722034937,0.10589613432253026,0.30379086914426157,1.0862163217493166,0.10707930367504835,0.12089474077953168,0.10736628088833282,0.10676680086714153,0.12007141794375836,0.10853008377760853,0.11680453431372549,1.1781652199940138,0.11115346496912404,0.11255378576281422,0.12374282947180212,1.1505222815059744
1.1394618514024695,1.2023504273504273,0.10937050876688703,0.5084228870171362,0.1246097076355379,0.10892961023851076,1.1195437595964026,0.11350890892312061,0.10678189541526292,0.10449529734133156,0.28408041486112096,1.0866358760429082,0.10594506552158141,0.11776006830795503,0.10614608076009502,0.10543766578249338,0.11714710673560451,0.106907654031904,0.11372749143398703,1.1684180630502699,0.10823137623977412,0.10984875895506187,0.11984463276836158,1.1438961779806047
1.1274148035598004,1.1391628163574925,0.11285954768352485,0.562392651781047,0.12094561317104059,0.11339898537749925,1.1299451993093612,0.11307198660714286,0.10993148106317295,0.10915492957746478,0.3351656196459166,1.0990935627592564,0.11129019878732059,0.11576060201139321,0.1110768993918867,0.10984906235706662,0.11454673225579762,0.11197406122756749,0.12023198750836493,1.123363053775425,0.11106171741868563,0.115840118430792,0.1187680191266437,1.133501622791201
1.1524820169503596,0.9545667761174027,0.11943508495232633,0.13152205246468723,0.12950637825845812,0.13410632246773135,1.12869260017549,0.125193199381762,0.11218836565096953,0.11625828554405303,0.8043708142403948,1.0911337426988168,0.11146520417994515,0.1279432624113475,0.11418582161719854,0.1127731338905998,0.12371924444134662,0.11577107907383137,0.17136167410550962,1.168590736308602,0.12024718284260269,0.1335789625776622,0.14089487284101726,1.149024372811093
1.1522543425095628,0.6148412064623134,0.11162262723087596,0.125215723873442,0.1250155183116077,0.13034491667743187,1.1198676785366803,0.11822874556875428,0.1060844479412536,0.11333198734773538,0.7460672760057203,1.098865257865054,0.10797678499122688,0.11975077881619937,0.10931283296243846,0.10813137332803602,0.11699077536773872,0.10900350786020528,0.16027014741216963,1.1700291762368862,0.11069635731754408,0.12424029172797646,0.13493382579255156,1.147023622047244
1.1467851099830795,0.9739177932541309,0.10941710395688554,0.13309557774607703,0.12288636838076682,0.1207168458781362,1.1104881029401192,0.11518324607329843,0.10502809393459156,0.10844606946983547,0.7606331055640775,1.0858365931065024,0.10760749724366042,0.11617503145533342,0.1086089781453042,0.10618892508143322,0.11386586809666412,0.1078936078936079,0.15425685425685426,1.1575744859420898,0.10910646794551808,0.12226732179733675,0.13254746076348434,1.1379603399433427
1.13012464874991,1.1041203099823524,0.11219442253925012,0.7658546978197571,0.11474175575967475,0.11712730614264509,1.153829936753338,0.11057798774636451,0.11347914191880372,0.11412508784258608,0.41480031890990793,1.1576011157601116,0.1153926265361383,0.1158395845354876,0.11586565486228217,0.11356664807585053,0.11128973328461819,0.11525518788558609,0.13023255813953488,1.1270006699918111,0.11429779437671764,0.11637560835957629,0.11357949806657062,1.145081081081081
1.1130900485739195,1.127084723148766,0.11925581395348837,0.45510721127108694,0.11991603253739176,0.12532716537829447,1.161358554420741,0.11692130665473374,0.12169633635093262,0.12234910277324633,0.4205860160965795,1.18106252258764,0.12337118947997609,0.12333562542976809,0.12459772906673143,0.12254664405136903,0.11758407859931981,0.12222423912385794,0.1389024093453395,1.1407407407407408,0.12164064891337618,0.12691762676360052,0.11918777696937628,1.1544968279636771
1.1191788288015503,1.1249018067556953,0.11770369478878324,0.4386288022813688,0.11907209870196633,0.12385050695590663,1.1613206438726353,0.1171142839172275,0.11903648269410665,0.12093979441997063,0.41733969652471853,1.1809824931202062,0.12210759456781489,0.12161915760043761,0.12242001301082264,0.11993915282003276,0.11687831340155344,0.12070278184480235,0.13587822290400614,1.1413692366315256,0.12013946342039948,0.12559751434034416,0.11765470618824753,1.1520503205515906
1.1437536064627813,0.1912647170527915,0.11623576595287545,0.12075363973736797,0.1229502059153875,0.1529054149582921,1.1553521126760564,0.11436541143654114,0.1185127807900852,0.12996031746031747,0.8930198915009041,0.5375544012354345,0.12093481627481346,0.11787648970747562,0.12216170333168282,0.12006207674943567,0.11497345647589266,0.11892538153175329,0.18696482909914372,1.109182613855511,0.11729975814482857,0.1316766638103399,0.13051678611844586,1.071741472172352
1.147889439687547,0.18409542743538768,0.11724137931034483,0.11735795666095764,0.12288798498122654,0.15593895155938953,1.15377261361965,0.11492043969559536,0.1187325393324511,0.12805998676762478,0.9249886346416124,0.718441596700545,0.12283172720533729,0.11957831325301205,0.12287041817243159,0.12014056665934549,0.11623124381140985,0.11920675725302975,0.18124861797007444,1.1227283272755395,0.1180298772370951,0.13484237262811893,0.13313958055140995,1.138078451961299
1.143582453290008,0.20031716283428241,0.11992768179991965,0.12798250265111347,0.12432355454286528,0.15082916556988682,1.150323804539805,0.11728309232480534,0.1206164696662966,0.13226124056448965,0.8041581458759373,0.36609705191755804,0.12367168655062259,0.12171789130877264,0.1239170385928065,0.12271301620491375,0.11741334429373887,0.12202925045703839,0.18788197410790564,1.1123343384054414,0.11961754038905374,0.13379623447723327,0.1315015424348949,1.1255813953488372
1.1246044539972535,1.0108988632368452,0.11425992779783394,0.15279465370595383,0.12797442879128684,0.12834583257118468,1.1284998166034967,0.12053544986080673,0.10917272839353964,0.11633137573409971,0.680975029726516,1.1024652338811631,0.11086516569693904,0.12160714285714286,0.11129901039709382,0.11030370784423328,0.11901804199940846,0.11155378486055777,0.15131136516476126,1.1770015930143372,0.11353898886032562,0.12691982101826096,0.12946428571428573,1.1522545150101662
1.0605576532094103,1.203831748775569,0.11004576160383525,0.19675976834542921,0.12444925966052726,0.11755162241887905,1.1220947337452192,0.11667385987627679,0.10544997411816905,0.10692296140561645,0.6964800923254472,1.0990555345674349,0.1072341705519627,0.11609727851766068,0.10708352212656698,0.10630214541120381,0.11618376590696672,0.10774880646345943,0.15043138411621562,1.182237600922722,0.11017884742768823,0.1172097091624754,0.12578841743119265,1.1556510966989726
0.1375,1.1861682242990654,0.11244263131055583,0.18935897435897436,0.12581412825651303,0.1252578648788035,1.125032375032375,0.11877034810919108,0.10793008999608712,0.11273637741319101,0.6899697961238359,1.1050271102483433,0.1088530251710168,0.11957000062865406,0.10958083832335329,0.10943643512450851,0.11828496207609854,0.11059967585089141,0.15628641719539038,1.1776047227281292,0.11210819819242357,0.12266683712605472,0.12833592534992225,1.1524950859171899
0.7771239216134377,0.12282181000562113,0.11343884892086331,0.11166831885241121,0.12795129999431074,0.1383946920321766,0.4289490689067732,0.12075945036775186,0.1090270334643325,0.12275920542635659,0.7857346973766931,0.16427480916030535,0.10847088699437693,0.12144821264894592,0.10908205502800097,0.11105108349840927,0.11984506721348827,0.10998347887656361,0.15429207167115588,0.2080468261635506,0.11174164862809337,0.13069237918215612,0.13025328594798893,0.20590605572185125
0.18304110376544985,0.1161700703046535,0.11165722215797387,0.10947759893079202,0.12477272727272727,0.13673505378872494,0.1637385388938184,0.11744258932132885,0.10748526171619127,0.12192013593882753,0.7699527845725013,0.12944804193647858,0.10766020132580408,0.11997710360618202,0.1077412253882842,0.10919988013185496,0.11737969433554912,0.10898729668764098,0.1520254357041922,0.1539513418038858,0.11026526907536452,0.1316126776975064,0.12663089522733692,0.1407035175879397
0.9006706314057953,0.13529921942758022,0.11238358922728417,0.11174603174603175,0.12826469110999497,0.139909571419474,0.12828634779854292,0.1190893169877408,0.10804977145759269,0.12004639474192925,0.820250141411602,0.1674937165689244,0.10816509072323026,0.11949051012043635,0.10907802332323949,0.11067117951337889,0.11910421618916552,0.10953706046040981,0.16615873015873017,0.3961043041156142,0.11121685065347037,0.12503163756011137,0.13283926013576633,0.6601690638405249
1.1528017626391949,1.112810953268625,0.13041434028798118,0.4915026572446417,0.13240682248894503,0.12449287121826823,1.1593570608495982,0.11654596784092304,0.13139274003336593,0.1217741935483871,0.46447628754721504,1.1703365658870508,0.13452711509038365,0.12267303102625299,0.12350528565651897,0.12076100701230026,0.11646197592110835,0.12061831973336398,0.14909342880240212,1.1456038827702073,0.1191348334205477,0.14264774859287055,0.12348359085685098,1.1529537113768202
1.1499119316328528,1.123154701718908,0.11277209546289012,0.4201956536012081,0.11740055873353732,0.11693838800497611,1.158423645320197,0.11208820055125344,0.11304575505662107,0.1144882820193002,0.3815840811548966,1.1729082100301165,0.11622291829809449,0.11915447154471545,0.11691884456671252,0.11371499445133494,0.11272561412653939,0.1145192936559843,0.12898360655737706,1.1346457729786674,0.11355622306386313,0.1199711229244602,0.11944593147751606,1.152087019199266
1.158518800329719,1.1219055265622908,0.11778740503547436,0.32223402261510586,0.11904291081668973,0.12222360094304505,1.1671508932434937,0.11512605042016806,0.11885347170743761,0.12024964468887103,0.3826845894119896,1.1844916502946954,0.12296287219703468,0.12330244954943521,0.12320088571780047,0.11931081331439511,0.11543624161073826,0.1204908429425911,0.1343016069221261,1.1415180315063143,0.11874105865522175,0.12484324053172811,0.1203426977485555,1.1583884167453573
1.1509207112573563,0.11816879306815856,1.1282660332541568,0.6437922690326984,1.1260195213263806,0.12476184622948805,0.8025143415110461,0.15063556545668982,1.157804773823332,0.12490075123679228,1.1415250989909311,0.12559184168993565,1.1887708649468893,0.13422137646685697,0.12483180428134556,0.122299969577122,0.1328503977750469,0.11842830038558051,1.100220399167381,1.138069793522,0.11780249493025256,1.1540909941958435,0.14475279536575508,1.1188565697091273
0.1256011838697743,0.12765817367831983,0.12352833526505215,0.12192616760316598,0.1241325637200856,0.5406557770838337,0.13072704758535292,1.1110688956433636,0.1251634375371449,0.5898862956313584,0.27085529988215595,0.16890367026962821,0.13763148563999528,1.128680547000123,0.45405049658968527,0.31132524387342375,1.1325437112239143,0.1219483077657733,0.12685357507354267,0.1255685822282017,0.1212048337642037,0.12635861315198252,1.1148032316914256,0.12609467817992528
0.13531330233849143,0.12974942374897763,0.118953431882851,0.1247157720664232,0.11940949749109156,0.14995224450811842,0.14746293021357637,0.12082886745266166,0.12220485285122001,0.12627568376649884,0.5885493501931858,0.13816773141226044,0.12574972737186477,0.12770865371172935,0.12506804572672836,0.12492366153219787,0.1228442182640656,0.12158859470468432,0.12478702378518367,0.13601905999566818,0.12043143720802418,0.12208940786291715,0.12974125257277272,0.1366218650408757
1.1453182440712175,1.2021018015441807,0.1140159767610748,0.6356752821259556,0.12831858407079647,0.11524926686217009,1.1198968312453943,0.12028840662478583,0.10914998892253157,0.10846361996392062,0.326125868117706,1.093086513033623,0.1090513359351546,0.12174348697394789,0.10897725561078475,0.10828688219992567,0.12109514618628922,0.11054796532980755,0.12037446557570397,1.1709896391568417,0.11393424617412316,0.1169863613157319,0.12416725726435153,1.1439497799264016
1.148307872231562,1.2049635668422192,0.1123183086184114,0.8143279172821271,0.1262867913585617,0.11259754738015608,1.1233766233766234,0.11832088740665556,0.10739159739384407,0.10624666310731447,0.326432774024842,1.0983257229832573,0.10803030303030303,0.12085187076070308,0.10757124302849722,0.10670293962064535,0.11946231119462311,0.10870377288008966,0.11736286606213765,1.1773983504557952,0.11186113789778207,0.11388950357748764,0.12158076590843651,1.1478986674476497
1.1290702507967298,1.088381267498091,0.11233167965981573,0.44659009332376165,0.1198618541342182,0.1136068178535317,1.134889848495938,0.11612903225806452,0.10885405166703467,0.10908819579167288,0.33878187737384696,1.111278421924409,0.10979867766139217,0.1202722615956775,0.10853232165439262,0.10912317019074376,0.11575585028817444,0.11043839813261361,0.122302679217958,1.1341471639576448,0.11260479907487714,0.11607978685101174,0.11292738521654185,1.147693609818028
1.0420014370631654,0.3368789459236893,0.09977563679556553,0.11191285644903906,0.11693146313900153,0.1293072310915264,1.117099281419563,0.1103337997201679,0.10905349794238683,0.11568334578043316,0.7272840273461777,0.9339395761310687,0.11094531075132433,0.1021515553031737,0.11105267112480277,0.11007130124777184,0.10897094108237804,0.11083455344070278,0.15796783625730995,1.0980908048303313,0.10999142367066896,0.11409127301841474,0.12010018785222291,1.0623849457966865
1.146486701071854,0.4297380283530411,0.11207471647765177,0.11291413116970926,0.12542706964520367,0.1300487937110328,1.118028977583379,0.11781288926768504,0.10709366391184573,0.11356818974537844,0.7920079260237781,1.0169252468265162,0.10831163347174326,0.11863288466613882,0.11014860201422635,0.10847975553857907,0.11722598016680896,0.10955998083897898,0.16019846394345136,1.16088038778986,0.11162286643186128,0.1257069754915163,0.1369782480893592,1.1360181357514336
1.149351095241365,0.4277869665894806,0.10946745562130178,0.11131234327110616,0.12158976086224318,0.13198900091659027,1.1205558690744921,0.11520238256396372,0.10557599773563543,0.11149649541151817,0.8056422080564221,0.9685479770465606,0.10736552124111932,0.11652802400109095,0.10895424359629279,0.10670775404901821,0.11582959030896965,0.10742696233720521,0.1588966858889738,1.1232069168795442,0.11009302650905785,0.12373140553315723,0.1356216833478874,1.1404525386313467
1.1419831607002242,1.118592045974009,0.11717207966983671,0.4166518833895098,0.11895767974902363,0.12480929468372257,1.1637114121272019,0.11541828185569589,0.11846912148448825,0.12133038210624418,0.5088840209322137,1.1708649643432252,0.11996117391800845,0.12122313048743566,0.12149750029066388,0.11782945736434108,0.11532792925571113,0.11963332559758645,0.14291578700445695,1.1418099089989888,0.11871475563909774,0.12714531741789892,0.11849785964457128,1.151901781415503
1.1337179949513163,1.1196725074604026,0.11064195233664925,0.5198855507868383,0.11514515040132023,0.11595330739299611,1.1576313006697216,0.11075110456553755,0.11147193787504413,0.11352418558736427,0.47510162601626016,1.16720122716497,0.11236885698509111,0.11475646769764417,0.11401060563773374,0.11278195488721804,0.1108926751128586,0.11320621965805952,0.13313754282917278,1.1369812161259187,0.11291240045506257,0.11513204853675946,0.11598603309549112,1.1454284689852994
1.1436382625790993,1.127228471811065,0.11629322942036045,0.3249201855309921,0.11876299376299376,0.1255092259765157,1.1755109358192901,0.1154920634920635,0.11772039180765806,0.12145242070116861,0.5124837370670963,1.1919335705812575,0.12067032513129168,0.12118785040970982,0.12231925384661083,0.11834214120301645,0.11511737089201877,0.11923328769569617,0.14321533042803414,1.1485414534288638,0.11853976220350122,0.12674263547096618,0.11975381391998953,1.1629570747217806
1.1465872315386878,0.14806484138679904,0.11452166922458525,0.11742424242424243,0.12291269538696149,0.14806263078144166,1.1455368693402328,0.11379725862328664,0.1142795883361921,0.12572533849129594,0.9067219425525614,0.24036540108478446,0.11650346651418769,0.11745237920129441,0.11867564855955282,0.11697789225155612,0.11444344971650254,0.1163174512055109,0.18305794068836134,1.0540622168529146,0.1143022498733994,0.13206858810653047,0.13196683555964994,0.843108504398827
1.1440205429200294,0.12798197218121066,0.11883064810089669,0.11732368896925859,0.12954876273653565,0.15156555065442187,1.1290670114199526,0.11691336689458261,0.1210473601373587,0.13214748667722886,0.9003542958370239,0.3557465091299678,0.12482853223593965,0.1209736725989116,0.12437131771806294,0.1230261269020959,0.11692353289863663,0.12152877182937304,0.18942667819072315,1.0573745641958465,0.11853883915680047,0.13477284254764146,0.13314819100516856,0.9042343852488886
1.1350045515019958,0.15126175899656563,0.1171259842519685,0.11552622438346648,0.1259882869692533,0.14852920867283526,1.1408712407955406,0.11680829612559412,0.11788115822697955,0.12905655210187594,0.8738337574215437,0.35770020533880903,0.12203179847202147,0.11994665918023582,0.12140115163147792,0.12014496717724289,0.11587188612099644,0.11905089408528198,0.18004278517700642,0.9488887280098458,0.11649277965867477,0.13088420170414863,0.13204069595989384,1.0602881521891174
0.787431360585723,0.8948948948948949,0.1154617863440141,0.15259378482109695,0.13153436592449178,0.13237311385459533,1.1265791275126018,0.12340064277484689,0.11002001501125844,0.11956591126715609,0.7639849532823686,1.0967306827670371,0.11105408353114775,0.12406449650136903,0.11218792118605994,0.11093512417638114,0.12162816015483247,0.11267078420363091,0.16663553147767607,1.180370707991492,0.11469622840156066,0.12977990901266445,0.13148248302385673,1.1512117697332276
0.49534967991303297,0.8121359800309046,0.11319840019391589,0.129216239421072,0.1278950851230223,0.13732264034546576,1.1283858998144713,0.12084483379335173,0.1083694978301302,0.1201518506801645,0.7841449467284657,1.0972337571072637,0.10973507819980849,0.12110977080820265,0.11006549246518725,0.1101705543014798,0.11961174413697474,0.11069221260815822,0.16313324294342413,1.1777977797779777,0.11361121357432681,0.1288467421229734,0.1293872694824509,1.1491869672973463
0.988631195998181,1.1124055818717193,0.11538712412758463,0.16849550502379693,0.13081095041322313,0.13743917883090048,1.1238425154886416,0.12245817245817246,0.11008498962725022,0.11636513157894737,0.7549468256525943,1.095271017699115,0.10992251251457176,0.12405407153482957,0.11060637345997659,0.111404757064444,0.12257939581719597,0.11239922713038844,0.17165522298513433,1.1727988639297702,0.11605428666004634,0.12892008922713555,0.1339737431956452,1.149781744739071
0.6458223510806537,0.1249836494440811,0.11086387434554974,0.11451888903514545,0.12569850765893104,0.13764837038494326,0.12668831168831168,0.11720437144165957,0.10690192008303062,0.11932114882506527,0.8242161878525515,0.15178046390068606,0.10708732832339984,0.11743095191235321,0.10683481442760062,0.10836094328590917,0.11660892868814955,0.10799819249887031,0.17061704211557296,0.14685680643684176,0.109751283063561,0.12474571822298051,0.1290112183668145,0.13667082212453252
1.0070711272208688,0.11772950245269796,0.11235417289859408,0.11053519768563164,0.1280639431616341,0.13962515921635227,0.5632415902140673,0.12027226990233797,0.10802659116090114,0.12377972465581978,0.7941715434178637,0.10862497609485561,0.10719919237806802,0.12121032685930838,0.10838095238095238,0.10939821693907875,0.11844981390677616,0.10983257229832573,0.1640263222032659,0.6124815143448684,0.11066069699903194,0.13001258766408919,0.1310352899865395,0.13623119462448713
0.7077291717866798,0.12115163612169601,0.11159062885326756,0.11024457199900174,0.12750655208142866,0.14068417458247967,0.1255271644753163,0.11934382241736798,0.10766457387953006,0.12317930688096435,0.7993986254295533,0.11336364784640647,0.1075969186447047,0.11934711910167516,0.10808601609657947,0.10990518962075849,0.1187393110188126,0.10926395154811198,0.16967396714783475,0.15475826660962044,0.11068106623384731,0.12733362277491783,0.1310809171418173,0.4272811059907834
1.1451603200385008,0.9568988002086594,0.11927207637231503,0.15415325944464306,0.12578856815140507,0.13588809215939815,1.1597031496523111,0.11680238702057562,0.12255016332244517,0.12713793707314225,0.6990498233645999,1.1674202898550725,0.12468885672937771,0.1213974327924437,0.12259910093992644,0.12000233127404127,0.11570095752516572,0.118117125524965,0.16743831682588056,1.1350056725072482,0.11799881586737715,0.13907600596125186,0.12659945715393564,1.1429768388293733
1.1465014138740148,0.39236847176719986,0.11660903779658996,0.132749645054425,0.12505557319784058,0.14500234631628345,1.1638817480719794,0.11783380018674136,0.1167789914013479,0.1321832381396433,0.7926451847806298,1.136178861788618,0.11942287634720129,0.121488001929338,0.12123155869146889,0.11977990153489719,0.11643457456597754,0.11785004094046088,0.1694626935710934,1.1317410433689503,0.11614647622406395,0.139464104553321,0.12660573911932,1.1427547485366145
1.1437172150691464,0.7872748179379072,0.11920529801324503,0.18718054168380235,0.12261665830406422,0.1423321472321064,1.1624690219583886,0.11792741048515215,0.12086961536243584,0.13297534499682429,0.7113848002403124,1.1658262663305066,0.12305045871559633,0.12336728579988017,0.12510093436382513,0.12271030720643124,0.11784654514624841,0.12164817383263986,0.16478096895851466,1.128569662504636,0.12048262998367917,0.13992812113356506,0.127359088030399,1.1446283443080025
1.143798160576684,0.12217867279362075,0.8052436767427514,0.3905781584582441,1.1209704001582175,0.12401167741150712,0.909085421068518,0.1377403382419137,1.1606062421374228,0.12354817355720046,1.137202007528231,0.13649192337716928,1.1946489495421082,0.12324229735641522,0.1263974035340786,0.12366622707109459,0.1206656542647431,0.11955018341451681,0.7110208535402521,1.1371923427529627,0.11810114271821055,1.147841041705055,0.1276922051076882,1.0205784204671857
0.1302246603970742,0.1307936507936508,0.12362690932726682,0.12066735644076565,0.1285126799177519,1.0303243105209396,0.1366901900947295,1.1031596003240616,0.12927201118028206,0.731283676703645,0.2787718719049191,1.1349231450439623,0.14005459970795506,1.1382971750671822,1.1701831084077805,0.8896062792758577,1.1350666666666667,0.15404633449698507,0.12539885130823228,0.13050870511425464,0.1765082208431962,0.1293287591429866,1.1211571976298362,0.12864282469007593
0.1255497526113249,0.11918090748379494,0.11629014697876973,0.11690867146152802,0.1206449755254823,0.15307292720771773,0.13559550259206896,0.12699528865761903,0.1236385639370714,0.13286052009456265,0.6373618784530387,0.13646758138283563,0.1245191334278194,0.13041088360588154,0.13410428078717793,0.1324846770391325,0.1283244219151448,0.12095526404305415,0.12586940374096833,0.12670648464163822,0.11922765325411828,0.12172373885220233,0.1362678869761023,0.12487198743770055
1.1441581519324744,1.2039512774806893,0.11293680297397769,0.5511427500936681,0.12759665853478228,0.11445330124830802,1.1137801204819278,0.11887390375119758,0.10698096101541252,0.10823798627002289,0.3671956102624944,1.088756940160395,0.10902804456396466,0.12168337264150944,0.10940734493598099,0.10882442284325639,0.11956280924599365,0.10988679245283019,0.12278719397363465,1.1664826672554647,0.11308586426696662,0.1161261395904947,0.12633438857395274,1.1407012871726587
1.155017455247716,1.2157283420877414,0.11149126069170695,0.750431454941097,0.12504624491305957,0.11172974193062975,1.1232556385305876,0.11749539594843462,0.10483080865174467,0.1053397686355627,0.3495539334955393,1.0944602819939904,0.10652920962199312,0.12010002206369053,0.10703552438930415,0.1059456999848324,0.11726216732833407,0.10774105930285197,0.1200909780136467,1.1837081976916248,0.1108695652173913,0.11423025235179932,0.12454913507545086,1.1520593692022263
1.1162181303116148,1.1235105875944713,0.11426892854520085,0.5626581336508409,0.12269589353070956,0.11465157832042883,1.1298896313537052,0.11114908742907922,0.10756075607560756,0.10808342213426701,0.3892679459843639,1.0951105669905885,0.11094935254003524,0.11936985320443967,0.1105078005506271,0.10927303080892396,0.11613962452708973,0.11086074808472285,0.12802690582959642,1.1154058150750998,0.11345291479820628,0.11672319716855921,0.12501782912565967,1.154747090256936
1.1285857000142714,0.19333750608526323,0.11153174140943506,0.11409097644095421,0.11859929558385261,0.1353422619047619,1.1188847583643122,0.11406282943284841,0.10709744970458455,0.11435928506513178,0.8731343283582089,0.6096363357373025,0.10796876184699371,0.11739816408491108,0.1099556507111179,0.10843735900135358,0.11434674261302955,0.10962168602919273,0.16257873286402372,1.1356268139024563,0.1114247511513891,0.1275221953188055,0.13411764705882354,1.1371636363636364
1.1482516480366867,0.2615721140276602,0.11031312841137604,0.11638903033389103,0.12681779298545764,0.13613101330603888,1.1157454918633631,0.1170378777131508,0.10541749138626201,0.11364653243847875,0.8447390932420873,0.924913650698303,0.10713485244676878,0.1165644171779141,0.10845175766641735,0.10644278422960278,0.11536001137252115,0.108216872759201,0.16490022659162343,1.1575654152445962,0.10857477319285923,0.1261918520658769,0.13785358321050045,1.1355920063032734
1.1464510983832379,0.24199064703008305,0.1110382035578886,0.11869371018525299,0.1254297994269341,0.1319387981373346,1.1090640029596743,0.11738816738816739,0.1050767414403778,0.11234428086070215,0.8530427276650842,0.7924887636169726,0.10725361167839044,0.11756241456219872,0.10834342822531799,0.10584834334000445,0.11551463712867727,0.10790251107828656,0.16753965326447806,1.1497100307868546,0.11023679952934255,0.12681927887076722,0.13691846271883937,1.1353279464220718
1.1387125350657021,1.1068726355611602,0.11328096321855957,0.43097055616139585,0.11592297579460212,0.12279056345141043,1.1590843651022171,0.11146424517593644,0.11677784950864357,0.11949414385284185,0.5520035685079177,1.1678441447227574,0.12008890163464296,0.1164682392960142,0.12021543985637342,0.11788705175005368,0.11257583701595386,0.11800172265288544,0.14624306606152296,1.128301597051597,0.11667870036101083,0.12213962979157557,0.11869297356312876,1.1400500441566088
1.1389546935149542,1.1119880041038592,0.11122538936232736,0.16309671759631553,0.11490779482411281,0.12152651817456286,1.1503743315508022,0.11051477813893719,0.11326837655824616,0.11587028268044196,0.5804044474292963,1.1676948167056656,0.11444931429379329,0.11409047017752358,0.11667619319805658,0.11507223460073313,0.11168500636275171,0.11374171004777865,0.14878418356302764,1.130739893211289,0.11497345647589266,0.12044571512352467,0.11956521739130435,1.1463037881574107
1.1426679030335143,1.1109909130246647,0.11628825271470879,0.2175838489091501,0.11956598323117029,0.13060303128023218,1.1690693782983652,0.1157274098450569,0.12041717320365987,0.12365522540983606,0.5668653318154423,1.1858700503730153,0.1236875800256082,0.1199442119944212,0.12458386683738797,0.12196679438058748,0.11682242990654206,0.12034126627750337,0.151947551099113,1.1345913695018732,0.1200594161715319,0.12787337449100222,0.12276833345188136,1.149877960287618
1.1356521739130434,0.13416279418378055,0.1122567528318327,0.1160434433996647,0.12394927001917122,0.14431189991271456,1.1362812613265676,0.11490978157644824,0.11507328812076133,0.12478082992402104,0.8680650994575045,0.20353917856102535,0.11894628705606106,0.11748969705733497,0.11853903914850186,0.11600725952813067,0.11419887103777682,0.11491247185298177,0.18010304041796676,0.551872672848069,0.11379034020543455,0.13096276905177429,0.13213727387776372,0.13930924625298674
1.1433049708911778,0.1186953062848051,0.11426875417377755,0.11436582306500406,0.12342964824120603,0.145697307607659,0.13421591574019895,0.11423980411661183,0.11746331541479006,0.1308001461454147,0.8986254295532646,0.2225705329153605,0.12182218956649522,0.11767770748046148,0.12177337027854747,0.11947223430477019,0.11546890349882868,0.11738560186534538,0.1829081073177864,0.7195357833655706,0.11618013789056769,0.13090828270854943,0.13237614389397287,0.3458271236959762
1.1384789156626507,0.11866304173996482,0.11620270169415628,0.1157479729227107,0.12445141065830721,0.14911764705882352,0.13298841361218391,0.11487108655616943,0.12017479970866715,0.13131092681507348,0.9054380664652568,0.18391812865497076,0.12399498414103415,0.11832720174187251,0.12335478210002924,0.12116586713185055,0.11449396401184421,0.1190111572959965,0.18066027377205182,0.9144314756125841,0.11799410029498525,0.13175348386615993,0.1298536971134836,0.1394234369150131
0.1459211271149129,0.12058841708387416,0.11313016594106884,0.11202446950869814,0.131875,0.14570176569145507,0.4532042116209541,0.12362654611665724,0.10933940774487472,0.12467704537926466,0.8553294754526788,0.1112528534980529,0.10819144657460786,0.12373326660828225,0.10937186433875176,0.11078928312816799,0.1218736356265203,0.11045007759958614,0.15913060353192315,0.5706151054377073,0.11219980787704131,0.13610369805566144,0.13306127496444692,0.1454099288995155
0.1268421052631579,0.1250375713856327,0.10821234119782214,0.1079484425349087,0.1267194976076555,0.13813767670559313,0.9809721901240275,0.11627906976744186,0.10446373217606944,0.11382878645343368,0.9275481271452022,0.10601990835835046,0.10520915548539858,0.11586144714103239,0.10536669814290212,0.10638131687885652,0.1168080474438856,0.10633710633710634,0.16950061274509803,0.14376733378307474,0.10816186032280273,0.12100699726194097,0.13270916926735027,0.12863039399624765
0.14397872609851842,0.12098037986585596,0.11086998148975553,0.10874352331606217,0.13076971648670835,0.1461243583912676,0.12056551904699568,0.1191742654508612,0.10720643502340609,0.12252276379217997,0.8452989833933194,0.2282593949260616,0.10570753123944614,0.1193444282731127,0.106655866072634,0.10814038346712665,0.11824688073975552,0.10785340314136126,0.17551766934482985,0.6136608899892084,0.1104199066874028,0.13244267454557132,0.132490345085337,0.2518443144238107
0.15000304265806608,0.1255805644873169,0.11160578154540465,0.11414253897550111,0.12807197632993178,0.1476178566962611,0.12578970413460938,0.11928261916225325,0.10845495722194262,0.12401157184185149,0.8238457819676094,0.11711125569290826,0.10654362416107382,0.11981092055026968,0.10791970567352999,0.10899026531780874,0.11801016702977488,0.1088679245283019,0.17206920242333396,0.1739917894228447,0.110959159569839,0.13135593220338984,0.1322309079975947,0.14591309632330599
0.8542124542124542,0.11798967215083464,0.11167887705473127,0.10994210296955736,0.1284119859274536,0.14313430967580423,0.11875356260687821,0.12055311890838206,0.10839781808955981,0.12411255970052924,0.840755406640268,0.10827441738675046,0.10625691776808385,0.12254243497374527,0.10785904341618535,0.11007881079003011,0.11905052477422504,0.10861304623179227,0.16619523540134515,0.251381383204809,0.11068726158464136,0.1335941866964785,0.133899019076849,0.13780033013388762
0.8595679951323395,0.11583333333333333,0.11050261652671291,0.10869565217391304,0.12766342729522545,0.14078881677483773,0.11661971830985915,0.11913837962122588,0.1075485988386771,0.12425921154341664,0.8366926941468434,0.10783356124243017,0.10577985826669267,0.12043662825955125,0.10755341949730467,0.10948485235843027,0.11878135767394064,0.10842919102394871,0.16489958837470375,0.1690972640713511,0.11017159910470033,0.13306748466257667,0.13007887189292544,0.14905477460009695
1.1305783103068834,0.14228349618524963,0.12127056838044722,0.12007650469188931,0.12850696488130273,0.14346717276555365,1.139234589541338,0.11702731688852439,0.12297962052002812,0.1350230683875489,0.8180697645753728,0.693442054129077,0.12402518629772977,0.12136427652930011,0.11979984872287194,0.12109375,0.1160925258052481,0.11645274212368728,0.1646567445143832,1.0784326259268728,0.11570444286053694,0.1458771244970272,0.12520768259453713,1.0000606464916004
1.1370642201834862,0.1407980782063259,0.11804333313103113,0.11687059248990417,0.12499181562234007,0.14783539486203615,1.1492864333510984,0.11754598103481194,0.12006850933144342,0.1368513632365875,0.853915196533581,0.7453405227992029,0.12123159616732881,0.12262989411475006,0.12264040332981592,0.12297582727059375,0.11671785870996051,0.12009442313366775,0.168150522317189,1.0569661038793658,0.1178052716514255,0.1441457803608185,0.12539724576271186,1.0577672266861455
1.1435455237129089,0.23297879547456135,0.11805946791862285,0.1195496672264726,0.12587927915857172,0.15080101441207397,1.1508657742846617,0.11763555787278415,0.12032331149347866,0.13453741245853298,0.8270246198867612,1.0411334552102376,0.12229602096155018,0.12216504669334859,0.12356040186228866,0.12147876565841735,0.11698985488634904,0.12022292993630573,0.17953929539295393,1.119157340355497,0.11852768326631612,0.13767889506905817,0.12973810004712852,1.1274342975987899
1.1409400324149108,0.11356134560011237,1.059648,0.6782405948705023,1.1158032515844585,0.12601829803233489,0.9246864522538184,0.1426464673548733,1.1511484317115337,0.12407270029673591,1.1332811684924362,0.12957589974689795,1.190040210330962,0.12619155696777123,0.12393162393162394,0.12412307692307692,0.12512419686030338,0.12142989901493093,0.8765662988591734,1.1307770614183916,0.11984971822166562,1.1419104059134646,0.13651281335102297,0.9659514326095336
0.1303501945525292,0.12127146730943054,0.12668408028594996,0.12398885187954592,0.1280366240862438,0.9072789711130563,0.13734650293646555,1.1029411764705883,0.13175133689839572,0.5250167224080268,0.26304728546409806,0.15467339352097717,0.14214046822742474,1.134125043660496,0.24541391501567608,0.17128982904277257,1.1292401388003683,0.12319903948772679,0.12959978511952727,0.12957582800697268,0.12150225878228035,0.1300846300846301,1.1205467174546269,0.12813466162830642
0.1275101114028241,0.12185227707615767,0.120107012109265,0.12079649098377776,0.12157598499061914,0.13090054599488563,0.13932615299640982,0.12929263281479308,0.12521382141635307,0.13044371405094496,0.311161698797752,0.13338805663862097,0.1293891293891294,0.13040085136573254,0.1283371079541555,0.12723793904605712,0.13001443001443003,0.12493999862854008,0.1257083621285418,0.1265006669630947,0.122942279641592,0.12255896969272766,0.13227272727272726,0.1276866515837104
1.1438047855958304,1.2030681638462755,0.11056511056511056,0.8343009192065796,0.12328552394388274,0.11225066623596866,1.1109043844038182,0.11666273862832902,0.10594294122455652,0.1070364238410596,0.4221714825604283,1.0891311584553929,0.10700372979693328,0.11902508282063418,0.1075607934268404,0.10653713156594764,0.11596704590035307,0.10823778157274132,0.12459520725388601,1.168866886688669,0.11088644451633775,0.11563049384689149,0.1253810677714375,1.1413558786346396
1.147738931418199,1.2108495394063459,0.10938372000318904,0.7311045349116212,0.12242015224044574,0.1097944377267231,1.1130639021624686,0.11476314337510837,0.1039954430791765,0.10417182982238744,0.41754193447248783,1.0907274846012984,0.10501567398119123,0.11788298206983328,0.10600266045892917,0.10433715220949263,0.11429693637077769,0.10606183559198247,0.12335193723206342,1.1749803304484658,0.10834742010786444,0.11257065520261125,0.12273046053144238,1.1469494342011552
1.1420697150842325,1.1799207800121876,0.11070923101116528,0.5925779081754025,0.119625599269462,0.11352133044107014,1.1277416244878284,0.11385228317499234,0.10498220640569395,0.10671383906532829,0.4656855151045701,1.0992843629184832,0.1073622143968553,0.11670392353349264,0.10795876288659793,0.1065219165782385,0.1134107224683061,0.1078951599935681,0.12801084702504387,1.1605672461116194,0.11132530120481927,0.11601165629676302,0.1201697565333929,1.1530755986852403
1.1415036203974733,0.2540536386690233,0.11143808565012003,0.1124548452960578,0.1308304022021716,0.13654681943895694,1.1062297158236365,0.11969023155957675,0.10572476479030457,0.11306593495278831,0.9246138476907708,0.44041073738680464,0.1051823106152478,0.1183159188690842,0.10731313131313132,0.10583239865406185,0.11863625892651462,0.10766914910473777,0.16360904633876325,1.157504396360578,0.10999133926462483,0.12830366245784644,0.14396532055669634,1.1238705691559194
1.1385948026948989,0.17590656765914497,0.10972346119536129,0.10825825825825826,0.12649585199324573,0.13336374695863748,1.1056327278278126,0.11549729017137834,0.10521072796934866,0.11206761621537016,0.875613148839593,0.7184359296482412,0.10555468871898892,0.11642426913471426,0.107701990402014,0.10590961761297799,0.11472051507170032,0.10780357822611343,0.1636834488536827,1.1435205661211854,0.10896269335759781,0.12656238305516054,0.1382119735214956,1.1248329125204217
1.1416328371673432,0.2682023553810829,0.1113044794188862,0.11453239608801956,0.12762159750111557,0.13471741637831602,1.1034562746462537,0.11710162267254917,0.10579462482522914,0.11233827705900915,0.8785221822541966,0.765506329113924,0.10648002516514628,0.11720679589851059,0.1084184683614477,0.10635801986392429,0.116824874803797,0.10826695537854768,0.16436559969147704,1.1464104855525767,0.1108897233504483,0.1259394215440674,0.13902169915410076,1.1280464800422545
1.1402853260869565,1.0582567447376223,0.11398268107672686,0.19239936440677965,0.12006686532451487,0.13398350569446263,1.1671115161773322,0.11398413148200623,0.11569658036467459,0.12393854929668763,0.736671270718232,1.1739576651699808,0.11897271268057785,0.11901018524847905,0.11931524547803618,0.11755617073327754,0.1137841807119379,0.1162141093932701,0.1628240197994008,1.1285591644012019,0.11613411193491241,0.12801385373651258,0.12299897194889117,1.141703130259172
1.1328676696346331,1.0991994718164562,0.11307634164777022,0.2654496483615143,0.11728945448650402,0.12472275617329587,1.1524242646519476,0.11193441589153398,0.11434009223336505,0.11820572764465224,0.6702324149607511,1.165372050816697,0.11714659685863875,0.11624326404926867,0.1186824423020742,0.1164652787887611,0.11251265280697656,0.11540149188240456,0.15423105224429728,1.1208756091715266,0.11507760532150776,0.12245203836930456,0.12088271352676747,1.1392462885420631
1.134289352006969,1.0665049970605527,0.11797045770682917,0.2041967213114754,0.12109459168282698,0.13934743358266702,1.1624735932398693,0.11609627156371731,0.12132798062830562,0.12917962058245036,0.688900964542861,1.1772543571608993,0.1249367088607595,0.12065356829383567,0.1253492506985014,0.12397273364337134,0.11687685204327751,0.12178300019158311,0.1673189196124976,1.1248766737138831,0.12115309700038956,0.13520996769727733,0.1257005604483587,1.1461805092654314
1.142045843311666,0.1189886713181784,0.11508658446196347,0.11652231845436375,0.12465170846165127,0.1490834761967559,0.6802066980638409,0.11507569834387661,0.11771227337941828,0.13451131251222534,0.850839461634522,0.1628628693347126,0.12049520352605653,0.12068727573833839,0.12160574412532638,0.12020576935599402,0.11494252873563218,0.1179544118607537,0.17945853594427652,0.40315380184331795,0.11576501825423166,0.13506441223832527,0.12752871433864393,0.14859083191850594
1.1459020164072682,0.1112409246432446,0.11583421891604676,0.11514561653065808,0.12329550093900547,0.15113871635610765,0.1318453920626709,0.11464815701292484,0.11914205964448361,0.13315754779169414,0.8849969001859889,0.16515240328253225,0.12330683156654888,0.12010484119642306,0.12261800058633832,0.12095537214228325,0.11553253276822856,0.11864906717793673,0.18737964745963562,0.45278625341255824,0.1167025942169033,0.1335846211835658,0.13280475718533202,0.4086751029120293
1.1317273606187561,0.11125574937082357,0.11609771624094851,0.11620939766635131,0.12231011312409629,0.1480383745417674,0.12957222566646,0.11425959780621572,0.12035960629311013,0.13250116297100326,0.8889069351957122,0.12415821658023067,0.12492202121023081,0.11839546191247974,0.12399443069306931,0.12165693206271135,0.1153593159019898,0.12000930304674781,0.18064466259565587,0.7478297161936561,0.11759186864738076,0.13166837904054374,0.1308034949460339,0.8465895492620662
0.14576925827909307,0.12379421221864952,0.1175834474803547,0.11456747153940976,0.1329292359740626,0.15346968590211835,0.12722439636712693,0.1256834481289498,0.11278195488721804,0.12759509016517653,0.8690695368927914,0.11359816653934302,0.11122962060033521,0.12575531385512193,0.11283691183188671,0.11349486160078014,0.12460018480346861,0.11365488627102319,0.16489478700784516,0.16473844843494925,0.11554103122730573,0.1359132007233273,0.13768065349437966,0.1469109195402299
0.14072480333490217,0.11597446192325413,0.11033416257648088,0.10892236384704519,0.12748234039717446,0.1400620048225973,0.11626618655217782,0.11966840486696083,0.10704323570432357,0.12331310246340593,0.8482339587367297,0.10865654457796647,0.10637384648401173,0.1192279337845989,0.10748367654445003,0.10922347278261485,0.11812545830277982,0.10731605930442012,0.16335266500966583,0.1582901209945486,0.1099375900144023,0.1333017719464358,0.12794369161952374,0.13780799784569814
0.1425647120972002,0.11520498183705241,0.11087391594396265,0.10830130150381011,0.12699758658926358,0.14069219741961908,0.11626464507236389,0.11859037814294199,0.10712541000767674,0.12391273349493798,0.868304894920614,0.10671281274785493,0.10586459680896938,0.11958952769372451,0.10692771084337349,0.10970464135021098,0.11761213720316623,0.10766031195840554,0.16415249588590236,0.15908048988145918,0.10953154616842675,0.13596138374899436,0.12743190661478598,0.13784444591290557
0.9318630678077683,0.12377829218106996,0.11118473363371323,0.11493097440021445,0.12823191433794726,0.14546932141405933,0.12446234723834232,0.11980392156862744,0.10701972141773548,0.12348634187552802,0.8423564796652282,0.11551061102407065,0.10565371024734982,0.11969389757341879,0.1072642310960068,0.1083599944359438,0.11723643006263049,0.10768915596831467,0.1711699448717076,0.1634854229311021,0.10966004712218108,0.1310853950518755,0.13318313485677502,0.14435174149119323
1.1145628005992274,0.11805337519623234,0.1095879556259905,0.10877447425670776,0.12722725851828695,0.13959493262325506,0.11557829759584146,0.11738449490994518,0.10495244342407346,0.1145841969985905,0.9013220018885741,0.1043144454644079,0.10392205845615789,0.11803536345776032,0.10525,0.10637420631648388,0.11736056559308719,0.10662753729518219,0.17376518218623482,0.1414030692139054,0.10867991312042474,0.12467076382791922,0.1334985287285117,0.12987217926463626
0.5193959906274408,0.11540410438307576,0.1106895198220594,0.10812061896574528,0.12771581458319903,0.141824509738304,0.11546238878403882,0.11910893638938964,0.1065879639052853,0.1259584553185557,0.8560899922420481,0.10715040507220852,0.10553923625681913,0.11950255845585854,0.10703492866680722,0.10951167435773813,0.11741985322518347,0.1073766619423635,0.15737440312058645,0.16242017673998582,0.10912724850099934,0.13514757115624795,0.12842813610970036,0.1854538325818467
0.8118650954896384,0.11313787755704896,0.11808290501301649,0.11678543151227237,0.12840098937872835,0.1454071661237785,0.8557941024314537,0.11670076906794609,0.12339579055441478,0.13585874799357944,0.8236905169462513,0.1840366039654296,0.1256418383518225,0.12008141112618724,0.1206010788594914,0.12138063279002877,0.11496806442654818,0.11721211341863307,0.17038237200259235,0.554945054945055,0.11455878502225714,0.14525882118413183,0.12382352941176471,0.6109428629113669
0.7777475516866159,0.11360929124478857,0.11531772575250836,0.11514909478168264,0.12550105677428758,0.14866015855336434,0.553969495502542,0.11639798309779135,0.117612714888096,0.1355285289170656,0.8312612239259566,0.18101573493667647,0.12014292094685128,0.12023581025500411,0.11988907519669806,0.12113568749191567,0.11538461538461539,0.11745227892481495,0.17077154243156725,0.615848406546081,0.11524530786960817,0.13899665551839466,0.12358803986710963,0.4657488020516974
0.8601422055272337,0.11485743604779007,0.11710333820986833,0.11614250293618687,0.12465851905104242,0.14716369529983792,0.6827337666516506,0.11743273542600897,0.11935236144886727,0.13739821760594986,0.8126106495982568,0.18756358087487285,0.12170488471066505,0.1213657876943881,0.12227773507558289,0.12281819340043318,0.11660899653979238,0.11988960913933637,0.17095837366892547,0.46904728098821524,0.11732242565900533,0.13906064991448494,0.1235938747369185,0.7667755047644432
1.1278906797477224,0.11173355843757195,0.6776398381922165,0.7581955922865014,1.102349869451697,0.11929467616141065,1.0726568340922993,0.13868453638283926,1.159250743846362,0.12043574742787977,1.126595820554882,0.12439775160599571,1.1942527965704335,0.1227760519627224,0.12453818768052663,0.12331717824448034,0.1212753706635958,0.11755517826825128,1.0678058041768375,1.1152514912732896,0.11580455848232564,1.1352998199695332,0.12537947783849424,1.1269343370974487
0.1261921110856794,0.16680518617021275,0.12026272082138004,0.12183272292398535,0.1249898481279948,0.6638923980084714,0.1365515205196339,1.0908372827804107,0.12883028874484384,0.5287111241820455,0.2738499536894103,1.0515748890667054,0.14017256507750805,1.1298172884999231,1.1814324383641817,1.126559976508589,1.1240545808966862,0.1352958449566877,0.12806096027224975,0.1272348272268099,0.20513011152416358,0.12530896562055277,1.1116688610928243,0.12676269901440484
0.1226481380279491,0.11735171474768105,0.11471476120442758,0.11622182909006999,0.11760305851063829,0.12241786721548899,0.1362356343709567,0.1226162460439828,0.11899886234357224,0.12552047846165493,0.31258918661804347,0.13499511975373527,0.12428312707515847,0.12498045959043301,0.1304841149773071,0.1298613204703045,0.12353225028148625,0.11949255545426922,0.12011258177392363,0.1214907240190445,0.11849534564321684,0.11640823883360334,0.12622415669205658,0.12328873677660236
1.1538049303322615,1.2172029702970297,0.11051502145922747,0.8769647696476964,0.1240824268152472,0.11256711256711256,1.11598689002185,0.11619687196253424,0.10359738706412734,0.10629331335456078,0.4844290657439446,1.0861874294316898,0.10554829067812442,0.11820120867401351,0.10696447083215531,0.10523380124570048,0.11576616474756421,0.10648401826484018,0.12753332116121965,1.1793916821849784,0.11016333938294011,0.11657542852014718,0.12873462214411246,1.145521056388294
1.1468064823641564,1.2088542558657305,0.10842114430026996,0.7220267417311752,0.12171673819742489,0.11018069634200088,1.1132677479393778,0.11366176597025192,0.10361165742892901,0.10504774897680765,0.47539285097565187,1.0866929929286435,0.10649802951150215,0.11498708010335917,0.10571402533491296,0.10495495495495495,0.11373260738052027,0.10544126814498174,0.12590499735122726,1.1708529789969995,0.10850465647513619,0.11368402656413841,0.12462705651692098,1.147120055517002
1.1489007620215468,1.1903665814151747,0.11114037397945746,0.575872400422982,0.12281607711507014,0.11665476615494466,1.1194698190936772,0.11673455238755524,0.10485175202156334,0.10689623423257527,0.5942205587953695,1.0836417468541821,0.10597726439310598,0.1180167597765363,0.10652254249815225,0.10685355420041867,0.11696669275589182,0.10734514069945159,0.1444503925767309,1.1785527917898766,0.11200852045797462,0.11987659762009696,0.1304608531780024,1.1503021809582201
1.1365441906653426,0.16113744075829384,0.10756707367721571,0.10968013468013468,0.12492846046929933,0.1303687452535651,1.0948224726718074,0.11434426229508196,0.1035074178886888,0.1113235421917094,0.9126237623762377,0.25270979020979023,0.10457630067861493,0.11469979296066253,0.10548817729691999,0.10560884971048311,0.1142081894425259,0.10529902879536548,0.15938846186333305,1.1489012791079043,0.10728130793864823,0.12437437437437437,0.13975180468813367,1.0797647643502029
1.1382450331125828,0.16122996827462785,0.10931376636371216,0.10774155505012215,0.12496931009084213,0.1304568527918782,1.098690404861765,0.11565748226365287,0.10382795698924731,0.11239597021462987,0.9462959907606006,0.44037102473498235,0.10451952610794207,0.1167353668590272,0.10657836644591612,0.10530888869580328,0.11442006269592477,0.10616056893153972,0.162709556633478,1.0913204442616207,0.10778039744021556,0.12550234427327528,0.140220207253886,1.0875437718859429
1.1308996742126807,0.12187779676185827,0.10528901260848207,0.10852646882750364,0.12469297527427542,0.13239848589125947,1.0897435897435896,0.11297071129707113,0.10467980295566502,0.11241071428571428,0.9299899866488651,0.20404478150957026,0.10414243535832514,0.11589018302828619,0.1059245960502693,0.10541714691018707,0.11397974431346505,0.10669693530079455,0.1653156260779579,0.9081932430226864,0.10777157578359811,0.12526611598399046,0.13534864973800886,0.8688684617261856
1.1270515704407231,1.0715005958382986,0.11284779050736497,0.2605742013748484,0.11717280300994357,0.13310361407164037,1.1504600253807107,0.11164163555864225,0.1173388377262623,0.12341097512830636,0.7561099796334012,1.1678283342470044,0.12197422194278529,0.11654325143049478,0.12229309394440507,0.11942536901097166,0.11330641697448673,0.11714421402564508,0.17469543753483557,1.109447917583869,0.1170041787206686,0.1276665038267383,0.12318577648766328,1.129647992067427
1.1433431617146745,0.8336536051466288,0.1155223880597015,0.2034009633630127,0.12046014790468365,0.14458354439539764,1.1697395795968146,0.11339960238568589,0.11842387036904847,0.12859487618639834,0.8034810611869345,1.1864899347887723,0.12190449159157028,0.11821911563592159,0.12299121491322049,0.12063695173100164,0.11280891868714431,0.11792520418398052,0.17287866772402855,1.128110153796602,0.11718977041557686,0.1339893459603433,0.12428724898768696,1.1484098939929328
1.1322616822429907,0.9519341563786008,0.11780721118469463,0.2158330910148299,0.12221411783775023,0.14422523041474655,1.1602614193365064,0.11590106007067137,0.12077672665196672,0.13252327151282597,0.7994835181528178,1.1837006879123964,0.12416555407209613,0.12098654034137905,0.125114995400184,0.122982158028887,0.11553876984738708,0.12057900741585853,0.17225119668500394,1.1193068913440902,0.11948183528730641,0.13679037699867977,0.12558291745070768,1.1438742212993178
1.1321444901691815,0.12225228271897193,0.11535282182310062,0.11632759520083463,0.12556907540766493,0.15262847886909145,0.1333382041353109,0.11666666666666667,0.11841339155749636,0.13611918604651163,0.8661840261560019,0.13070763903916902,0.12191613320866,0.11975632325724861,0.1222707423580786,0.12146954185725695,0.11611580026820226,0.11829134720700986,0.18102372034956304,0.2929490311024263,0.11651274473586996,0.13667936365673314,0.12942950490072883,0.14575702075702077
1.1361647830842143,0.13137450199203188,0.129537879470318,0.12654376230535172,0.144316854807318,0.15358120639406517,0.13606816584680254,0.13501427212178876,0.1251535896085659,0.1348698624134607,0.9192563817980022,0.2708260413020651,0.130500088354833,0.13547972849018527,0.12945919887807872,0.12784389219460973,0.134919891314532,0.1259752783378627,0.19165051964065527,0.6048967834853577,0.12766146202980838,0.14695566148034894,0.15190246780060956,0.1490132174542821
1.138904363974002,0.11439225962507558,0.1192895724617779,0.11928681328627025,0.12362337533485465,0.13688076681895547,0.7329363668681124,0.11691063174114022,0.12387887398987657,0.13160714285714287,0.9634810364250845,0.21560775938779142,0.13099415204678364,0.1209077380952381,0.12898330804248861,0.12661704766967924,0.11760797342192691,0.1238898756660746,0.15182730204227876,0.1344054580896686,0.12052730696798493,0.1326298553625034,0.13016508254127063,0.1325656379548595
0.6987894385663902,0.18075446971824394,0.1075536809815951,0.12588980984885423,0.1231466616299934,0.12184380504991192,1.1265066144047036,0.11468280230689232,0.1024245423057892,0.10674611189658655,1.025709135755621,0.5269113149847094,0.10083690549091652,0.11353919239904989,0.10308128927630246,0.10315157578789395,0.11370539104024298,0.10409068506653524,0.13401054893533892,1.1827459132571105,0.10560638504963987,0.11438474870017332,0.12492976212773928,0.23173635584341365
1.0339853961957992,0.21343349536014142,0.12070213536011581,0.12932537861404314,0.1430862437633642,0.14780685587910064,1.1234750462107208,0.13033027686281493,0.11208259696772394,0.12325249643366619,0.9476271337921173,0.7105136821891502,0.10966507177033492,0.12891393809268206,0.11238971998465669,0.11328198384369716,0.12934792278267057,0.11472081218274112,0.1892191249769245,1.1862272240085745,0.11840541281887172,0.1348558999456226,0.14846506704304868,1.1492321589882566
0.3251323343025423,0.13090909090909092,0.11181940902954852,0.1123449226527799,0.12990736656374063,0.13918398768283294,1.0853231702574473,0.12162462084782126,0.1067938209331652,0.12466800804828974,0.8723751576760407,0.32896890343698854,0.10446057245372257,0.11893945036121248,0.10727657496337295,0.11010642554213011,0.1172326857481833,0.10852895148669797,0.16070322180916977,0.987404242781379,0.10965316144874156,0.1350083245043136,0.12846640949122934,0.8073791918739264
0.6394728823887873,0.12460205819204857,0.11157311157311157,0.11439488459139115,0.1289162044670964,0.14697292603994,0.12387964148527529,0.11859797552500377,0.10615297082012518,0.12132047230999501,0.8648198607326673,0.11330798479087452,0.10469314079422383,0.11959981809913597,0.1065566871475465,0.10778688524590165,0.11686055295361837,0.10741008930726527,0.18428162746344565,0.16029444903477805,0.10964705882352942,0.13156873399053015,0.13349586288416077,0.14511065165786047
1.0795791745346641,0.11995386389850057,0.10932707919898972,0.10841275659824047,0.12766146993318486,0.1420129270544783,0.11544519596034467,0.11730700818214158,0.10478957727997,0.11413773259159793,0.9345844504021448,0.1035514379463424,0.10385614001346283,0.11720430107526882,0.10418470418470419,0.1051483834265668,0.11779381627015949,0.10563902800964571,0.18306086635263694,0.13960895337521012,0.10847364062931272,0.12523822488429076,0.13838258715271634,0.13214830774755365
0.28261517817205906,0.1169392607536566,0.11166941652917355,0.10754645430413348,0.12783444631980626,0.14303329223181258,0.12295018263775549,0.1188666715856268,0.1063410791650256,0.12355462116924072,0.8466720959502481,0.10804824021658872,0.10395636600455878,0.11885367298578199,0.10600244997958351,0.10769968817462221,0.11675651724392586,0.10683927318100289,0.1665764442038512,0.16398146104612668,0.10919804101622284,0.13248830541723253,0.12860342460804855,0.1432525433871933
0.14668127739511586,0.10902057323720767,0.12007995079950799,0.12079776384377125,0.12980155012349884,0.14839532093581284,0.13050302713207265,0.11565526947594999,0.12286790223731817,0.13662490788504053,0.8261147004865598,0.16003219669252158,0.12543782837127845,0.1189535251343661,0.11840459194937082,0.12002061703850968,0.11546876266104854,0.11609987404608431,0.1814513115611688,0.15069985751403905,0.11533843613987693,0.14184451219512195,0.12230775884439063,0.14385529073829673
0.14661977334896445,0.1085774425539379,0.11579590589673083,0.1159442140972484,0.12317790469695677,0.15185904136180378,0.128046078865751,0.11455514555145552,0.12089365767619607,0.1390088573310885,0.8563026545859164,0.12460968702345508,0.12405413271245634,0.11945822505709111,0.12249069275129572,0.12253717131765912,0.11484255456229363,0.11998530492285084,0.17641830839875575,0.14554108216432865,0.1177746205040006,0.13830996589617278,0.12234134532249698,0.34692776193046027
0.4424825704759018,0.11184099713660098,0.11762065095398429,0.1158026141871053,0.12465945678196978,0.15194551119484095,0.13149913344887348,0.11735181644359464,0.12119686398619003,0.14114866800343742,0.8347980265186555,0.12506221116246,0.12350060330754489,0.12217815741305674,0.12253218884120172,0.12338080583983396,0.11618614854277656,0.11994521732862394,0.17634315424610053,0.1487000890904673,0.11776244097348347,0.14060883700310328,0.12532288975918673,0.2181271154569387
1.1411764705882352,0.10984465483959922,1.0308790503689444,1.1030360984939038,1.1204188481675392,0.12154391492713666,1.1507117159393085,0.13703576341127924,1.1784154709918901,0.12177840068519816,1.1396122805557867,0.12229102167182662,1.2234009601982345,0.12220210664911126,0.12177093059446001,0.12506805631173679,0.12201703347668437,0.11798235340048412,1.1526753491291386,1.1251411202778985,0.11676291432639822,1.162151330554665,0.1305327684125124,1.1405846253229974
0.14101876675603217,0.16756112104949314,0.13810067644733373,0.14015019210618232,0.13998258682403017,0.7214174857734093,0.15120569810349266,1.1168224299065421,0.14144090248696692,0.41111873713109126,0.2838155515370705,0.1731786384576011,0.15673044072429107,1.1469373091431652,0.23627459403728843,1.048226588415412,1.1396139705882353,0.1359206702000342,0.14336206896551723,0.14125047655356462,0.13438120735814837,0.14135759272218335,1.1240340408881933,0.14049367424577547
0.10918494397088402,0.10445040214477212,0.10680252854042835,0.11065149948293691,0.11032985213524972,0.11624468674921457,0.12248662608374838,0.11512596607447556,0.11200147370360136,0.11720331186752529,0.3204053790684077,0.11615560640732266,0.11925089507022858,0.11611466201820647,0.11576717627555719,0.12021657336881711,0.11684325180710961,0.11154129793510324,0.11283185840707964,0.10882412879559812,0.10954326030449313,0.10947943142238539,0.11881500157579578,0.10902506432860001
