-3.6726308232707536,2.5451840482941783,-10.441549875046812,-4.586154042436303,-10.25467295914336,-8.784157093902506,4.484725721340842,-6.665173641757521,-7.041937475165444,-10.508998908893789,-5.052865672719408,-0.17346644565522185,-8.347313964011864,-6.588078779316038,-10.450784228650589,-7.733170984093022,-8.743712311350615,-8.01658807564482,-8.17031146995388,4.608155756277068,-7.345518513407772,-6.756118675851787,-7.340960988056282,4.160775746508005
8.179374309784539,13.577302081557239,-1.1528953466343346,-4.068668977295534,4.637257452365118,5.630863470056467,17.160890098998642,-9.09982780483184,0.988253965674265,5.648375398928001,6.773108020301704,12.293512603814678,5.415946884018495,5.824661249715908,0.3499653956409897,6.047180951973102,4.694347943856978,5.544246889867261,5.379370732704272,14.137913522747354,2.214257498001326,-4.562604680663807,-7.171505392470202,14.351078166337714
13.744786413307196,17.306749632421173,9.515261234495728,12.353043586383183,-25.0,-23.33284842794743,21.891160511280024,8.817472318146978,11.412080544147818,-10.74726814203839,11.750322602312565,17.2057019400852,-12.69806927713024,10.637483169817658,8.487622538666944,-1.8020813862946317,5.08107603674149,-8.171316189597611,1.5239676279181105,20.026434052174526,10.47402279360565,10.497742213495034,1.5887275586947909,20.370930015897883
5.825416810343448,3.8964758481081074,-1.5650972663424791,-0.1723929089738678,-1.2773996364418183,-1.6005300138288894,10.210101845868179,-1.37931161405397,-1.2028784363966063,-1.1988224012439044,1.168112967779101,4.017099870436733,-1.57318010508447,-9.965741972883281,-1.7862608689218784,-1.5708034905669899,-10.327028962532104,-7.68527747209906,-11.632416827615332,9.376574614544191,-1.4266694170415062,-1.46853152855798,-0.9804882180972053,6.57289082194549
4.053913915111869,1.962908382854764,-6.9469386791709855,-6.756108207520684,-6.944892740274893,-6.879496673401556,8.913459816935125,-7.112976787337841,-3.016354354003411,-3.161775935404563,-0.35215387807754206,2.388917792645501,-3.2009880464230136,-6.134041986327141,-3.010111378354505,-3.1054962741070753,-2.9564021279431048,-4.344151693232197,-2.807079669402349,4.887880395743895,-4.786511909549815,-2.7869110472793293,-6.843064441089578,4.7925052390950125
4.527326349057784,2.753201802837171,-12.610742025152426,-1.2550688822283151,-1.9824789935068152,-2.224177299538331,8.955478581491382,-1.7893720641892379,-2.9900035750526794,-2.22412283481707,0.24730696635732274,2.625575207747608,-3.636329234584527,-22.011575911817058,-12.655935859107716,-2.4694562905961703,-1.91713068423478,-14.03635328131096,-1.967001032171544,5.639669820126755,-2.1818673210310497,-1.8175060581075053,-1.7889358581217978,8.209193060615213
1.10641975045507,5.6753415090983355,-3.5283515118389657,0.391505105413251,-1.6035014428027992,-4.949934566731188,6.884664754345916,-4.37727308753414,-3.9814548297519625,-2.207558021858338,-0.7758305116054833,4.2257342428584765,-2.2300569772001793,-2.2703240451087954,-2.213818918322785,-2.7375204568250826,-1.9025368121596722,-1.9752766394141565,-4.018859758766584,8.353067002481588,-7.832330761517946,-2.1758281397398003,-2.7844474900993395,9.43135598192648
-3.0363559082296163,1.1887914263272252,-5.604634752950068,-3.313552230012894,-6.564938589896964,-5.457001403362714,3.7327867388087723,-5.632977980801493,-6.918723770059815,-6.648978433549867,-4.209517938617729,0.4028181290784559,-5.579992050790326,-6.055771940740484,-6.536896250536719,-5.490873491528648,-6.61185065041627,-5.533602950168312,-5.423355316988055,5.155346176084591,-5.588021544927426,-5.447659891839624,-5.5109128787671375,4.840722983532384
-0.689691433534465,4.3865913436672335,-2.334511190714027,-0.22307665029672744,-2.4667201952285382,-2.504016283697566,8.193010779464048,-2.402890165807818,-2.3716113668152823,-2.5108921658632872,-1.2016632150642024,4.091063614351784,-2.3122948105486953,-2.4789152240906476,-2.4381812889043015,-2.5622859945122882,-1.635264350278706,-3.5670380364869985,-2.392234787907486,6.1889884392720225,-2.5322385006886052,-2.1774813724726054,-2.3637618298972027,8.515472027971182
1.403346119570835,-1.5048370454272486,-6.715522480233026,-3.755829284095426,-5.000254761846232,-5.895400617238666,2.226344779219271,-5.495113496325628,7.846757750425326,-6.109040040209056,-0.8267322062557677,-0.2559540361754223,-3.922941938086546,-4.038494529568385,-6.88442734221129,-6.801843910265341,-8.972544877222377,-4.979828636419909,-3.5433405148407338,1.6466487814568431,-6.503681231912581,-9.632432195410413,-3.930221459295559,1.779339560489475
1.8300019840623942,-0.8652277221440855,-4.165160858542279,-8.223851699145612,-3.371426830365627,-2.9804165352246423,8.434577888916836,-5.565852941169156,-3.181482363012397,-3.349101253573647,-0.2140445707056596,0.5002143560273614,-3.3025398919398707,-4.78680412944877,-3.919684369438192,-4.114449389158785,-3.3948313478851886,-4.2983480204713445,-2.7709720295716944,2.223405555919677,-5.849433460788567,-7.393407280432835,-3.153278286334727,2.601500829930596
5.959864330582186,-9.75952777945846,0.5614449789064939,-11.153309506196951,-0.5308830305880398,-5.089572960108412,7.166317162752488,-11.195624627059278,-5.680397761073446,-10.558283781856277,4.131010844277336,4.614069032557043,-0.9448474550419507,0.5946969092275387,0.5677578973609885,-8.588325694017682,-11.66375232867426,-5.96053977069536,-10.70178839299146,6.462945572278822,0.12043845018967544,-3.274356108239723,-1.7409494190200272,12.679168515452382
-3.39275169390263,0.09952121162466585,-6.247277887869424,-4.0598074638552415,-6.683518790830487,-6.002073161439235,5.063207543031006,-6.010670588371608,-6.334333678489042,-7.883898490178969,-3.667065994894526,0.09317814491264692,-9.621702599859313,-13.724023278246284,-16.27267432966414,-13.175701060179694,-5.875344024494777,-9.992899875686142,-11.409008801054169,4.57604103107328,-5.977755337302265,-9.840747011503684,-5.705597269928375,5.064169913847513
0.03325290231102607,2.8430021167061406,-3.2507875455921074,-2.048123512841019,-3.3978275877369306,-2.9884863760041664,8.644383298040585,-3.137778070482309,-5.8768209039866335,-10.8866543953344,-0.8893502953311674,2.575311182210046,-4.577553454714453,-3.8036288795869724,-2.960282876209163,-3.222399621067201,-3.068178340693974,-3.392781627010673,-3.078018963257933,4.885278757076068,-3.130457742145387,-3.7685804018304463,-3.038597940740616,4.818336771858721
-1.860277902848272,1.2216246439650098,-4.935989376009445,-7.025084958424495,-5.126566086739157,-3.7840057248220487,8.156350767522046,-7.059855070058697,-5.486248916162534,-5.690172177848735,-1.3858469021158082,1.8669518313022764,-4.538181423796782,-5.729860995323579,-4.484115711669355,-6.948305392827761,-5.5399037741023145,-5.1803190074790395,-4.238466488491775,4.174594584650803,-5.59124197793154,-6.910576623177128,-3.0795336754399445,4.083623290687796
-0.17475658234752164,-2.4493013914070487,-2.713552571940066,-9.343088384652603,-2.492849021457472,-2.484816951390569,0.38851524249525027,-4.445335452456645,-3.512498507690524,-22.097754957958504,9.323912785938374,-1.01524769894175,-25.0,-2.744555715383667,-3.0288222365029953,-2.2376338450166577,-4.76206300484446,-8.854012827648035,-2.4615464091330255,0.40155331120708193,-9.40035127147065,-18.6807123939065,-23.117500829145857,0.06687831441676982
-0.37148511643535864,-4.559614259143258,-5.368323677942771,-4.242060384642475,-3.6372115279034847,-4.670245146064302,-0.17368319059692852,-4.690016984030106,-5.140261573646784,-5.0304432507483545,-0.4651676557365895,-2.3443164575641084,-5.124726845455525,-3.612470815896791,-4.9942395949545775,-6.248558153613811,-6.101034158390583,-3.8748587623066935,-7.192630161172127,-0.09286227634189344,-3.8054796963292032,-3.8196907666546727,-4.699055666331586,8.194085850799734
2.5376092652667395,-3.5019011398019897,-0.6706651441488667,11.680443789827665,-2.09635714635674,-6.470118328638523,-13.78879746264583,-4.608091875217212,-0.8812874205427746,-0.6987963652439442,2.8164023461221515,0.7573726919175224,-9.568992600132965,-11.57600406922754,-0.1577158626206192,-12.567081429235381,-12.233681034325576,-0.4305420772058865,-0.18686312499599383,2.496158763040788,-8.801247005189499,-4.218533273076815,-10.046641583676472,1.8661827336804127
8.612899554500288,5.7315391258653055,-5.771282990799082,0.5474883182070508,-2.6055662868375857,-5.349581441829274,7.0307782253967925,-6.192445954812241,-1.391743113658722,-2.4762705598461316,-0.6211728150779732,4.656729156683708,-3.7025112488303926,-0.6149735201003556,-1.3683609917816302,-1.5747532847789696,-1.1539966531811068,-1.7552741123569475,-2.6705880322378825,9.759875822664592,-3.468474305797852,-1.9046083630633375,-4.186159320272607,8.534275089080586
12.266022762988994,9.186459105508284,0.5823843875687311,3.9393859230296373,-6.155913942258355,-5.959139153986053,12.057669195868762,-8.534757544963933,-6.306048668727636,-6.7137066473133995,0.6223839129079718,8.424191658918208,2.684993096566585,1.1971712307004132,0.38390585035713,-5.688986080729115,2.8276890362787217,-8.124865246545774,-6.177754438703033,12.075196693026347,-2.469050009926062,-8.946763486224997,-6.889426823106922,12.817335624184901
8.632365876961789,5.7865828633333125,-5.91890711580957,1.3366612801204911,-2.0226820384716797,-3.2785095002216114,8.542445693754468,-1.0414418599464854,0.23517739194980614,-0.8491884920616167,0.24035316531352824,5.3066854955558265,-1.8198758349857727,-0.7104118051462691,-1.6756468643708655,-6.859057130270548,-1.1825176839998368,-0.8071082760056605,-0.8305254967372728,7.832655579824074,-2.8433835326102805,-2.444357925328339,-1.0961379070971164,10.659048874419017
-16.721067755274458,-21.687440437463525,-22.608563945650754,-19.324894574578337,-16.074678284939672,-6.018065212993647,-17.15129876324409,-25.0,-7.422454278438362,-15.707162439072398,24.526764844091673,-5.274288611333735,-6.835621358053822,-14.49863521778187,-13.738999119053396,7.2954219931712325,-6.66596966640796,10.472007654348133,-17.36958355743657,-25.0,-21.474555216570025,-24.999999999999996,-18.64531092341671,-15.609445576653108
-11.171828916863952,-21.65105860180306,-23.108731547344863,-19.469339953343248,-16.467080111796086,-13.68872855219087,-15.703246449730326,-9.195195138367803,-11.081334582882615,-10.651461748135528,19.892158812029997,-6.913169290269162,-20.682123504891713,-15.728851175466247,-10.480195098989965,-21.393064417631315,-3.5536547050045697,10.373897013215995,-18.560945821761756,-6.232468473658128,-16.02979153812017,-12.24246282074197,-22.073341954921908,-5.338075877419547
-22.09944182108055,9.282043986761076,-4.525068049037301,6.847877339296183,-25.0,8.89788240826384,-25.0,-25.0,-21.608754287047823,-11.935431049809639,23.59135968389989,-25.0,-25.0,2.737735417746676,3.233709156787839,8.6908454011655,1.5171317169378185,-2.2782181422094294,6.22833859198747,7.556930369038575,-1.6148871692094973,-24.685556230699795,-21.552584165607357,-4.117373329965048
-2.579340291306944,3.0256770865639844,-7.838428417175174,-4.351751742702274,-6.85123743422308,-6.816035532958692,4.45460155778628,-5.650914249101385,-6.623798193763491,-5.8586094367232455,-4.64521519146215,0.6652949944624496,-6.597111744675129,-5.958744746145738,-5.741617016432216,-5.783669148794663,-6.390559748349801,-5.947820088503168,-5.615999032361998,4.521097980242519,-7.823890863068236,-5.702931450945878,-6.814410330868452,4.601454748226285
-1.7510850892185517,2.6733345680769274,-12.13197480295651,-2.9467050412859583,-4.395504867203242,-16.815652201922006,5.610101840828799,-25.0,-7.938479537484849,-9.471364333116142,-3.400277182981846,1.4504524532418321,-17.8085062299381,-4.79189141392029,-8.630325134198818,-4.33670141790103,-11.839930326885618,-9.847939545085065,-23.256813490529485,5.404301661052704,-9.455745077865169,-4.930096103748578,-4.16448161554433,6.137939049128972
0.21078220195534425,6.278679962451372,-3.246403563047419,-1.39063654847413,-7.134022576552366,-3.305006865847667,7.762683863209646,-3.6760921371747246,-2.7647357508892183,-7.859794687075835,-1.431110997703362,3.1902518597893996,-4.479531144317366,-3.620576893412051,-6.18099270258389,-12.4656593246288,-3.448820308390934,-12.258587616785432,-7.0867762357985615,7.893930845122795,-6.113065634092761,-3.962263426782361,-3.463393083955148,6.081044725933865
7.022267808273626,4.5526456457776385,-15.015484660937723,-4.795382471498316,-25.0,-13.897126131407992,7.870830726804247,-10.572472726539866,-16.540314467721696,0.492049022543481,11.985639599719782,4.7977817537742835,-0.24480159236880006,-14.558152168139118,0.16655149669807423,-0.12622713110150496,-14.417576267380964,-0.7141016168893474,0.2638352056552365,7.3552464825083135,-11.32538691766977,-14.653194426334943,-13.070097792250946,7.270031140338956
9.545458742783259,6.791926308976396,-3.9497396809651293,2.8400491145778823,2.8531236962634714,2.788777873381852,14.652650787659205,2.75313758422988,-16.720197235130023,-7.017360993912323,5.599981591400902,7.520040371260549,0.017286528093836927,2.769652237117504,2.51615505457348,2.3421060160615124,-9.8922653796058,-16.33598848368672,3.1066515140529924,9.708465422080211,2.7654857642635684,1.9848741548040318,-0.08734738408538198,9.681471485000719
4.948056361044361,2.5326564437853167,-2.065780445807273,-5.13726912432508,-7.040104034998238,-4.259034685601705,9.911528854434719,-5.178088780894208,-5.454946100931915,-9.526414819062703,0.582050678143664,2.7899590211951715,-8.424143722615975,-5.401706058695984,-3.1374772871216092,-4.921070910124046,-5.195554185495314,-9.556260894093606,-1.5095008946790949,5.302907768833182,-2.074423917325921,-1.8103436480676698,-5.116198213148963,5.270446150623787
2.4760936057578657,4.781247791439942,-1.477334784159193,0.7677003420939048,-3.0368335190407696,-6.963964406260092,8.709565313248572,-1.4785145228933338,-2.755568756813764,-1.5638800135373874,-0.22957475404190697,5.217070044672143,-7.825267797561302,-6.3691190596902105,-0.9978702710134199,-2.654191265190671,-1.3839576318000195,-1.3479730384969328,-1.2301606102110265,9.239925639681145,-1.9293767062734082,-1.4279459329717692,-1.613253905977891,9.133288753073378
3.3982731565527264,6.220556368483679,-0.46843780575659344,2.53885617468275,-0.2855557925938911,-0.5150939584450314,9.345638478985304,-1.6312215885114931,-0.5426642035250118,-3.203455413158142,1.5455578983361098,6.061771102176902,-1.0105051945901686,-2.1238477807301224,0.2007798243522621,-1.8685392036450197,-0.6234397866788581,-0.4667410588223738,-0.36364492959932826,7.741753281438106,-2.944500790689595,-0.8933839737413789,-0.5744199303385291,11.212657805330407
2.275108002034081,5.216975902004066,-2.8046740764323674,1.3813801904078509,-3.8095616882955246,-4.106799210337175,10.561725882877669,-3.293941035893544,-0.7955925756606212,-3.806815195100322,0.4839448732063481,5.1793195467056625,-3.4907521592139137,-0.6763485102048419,-0.840278954811071,-3.9243584043659223,-0.7903510318477863,-1.314112514080291,-1.777109337866467,7.535853557268776,-1.7417308291608755,-4.278853876210987,-6.286159272140157,8.74684634422096
2.5988048804837214,-1.822655295052373,-5.9119745000266475,-2.8772747108704664,-8.72079624111345,-5.26362970983436,2.6759098797733305,-11.162462674169008,-2.9380405588996137,-8.725490034311862,8.80948620164815,0.48372299623006365,-4.09579984275037,-6.109165204140554,-11.178199151021383,-2.7364670053011255,-3.2040095247197447,-8.275962675873563,-4.068194101211606,1.836361642684333,-2.842484255159266,-2.7568410121177487,-10.96616822343745,1.881402849979049
12.785246143858755,2.3636793126921343,-11.523522549588495,0.9786323366174858,-18.04436966854359,-9.477319586682254,6.466418289208575,-8.77784742081032,-1.189817186097015,0.7560521556230688,4.166999190294824,4.153639392426715,-14.427866681727071,-12.343756698588887,-7.557730175865565,-5.111091814044119,-11.184704448842119,-5.712096126290507,1.4324472374469168,6.056796713649261,-0.9844567686222593,0.2807766937402102,-8.57944242918278,5.889306226011184
-0.02584247960130113,-3.3082735148162583,-5.335364760113497,-5.332197553117277,-4.964112838342631,-4.995422987323639,0.5060001243920341,-6.496906746153343,-5.633224255946485,-5.748131315158351,6.897214502505495,-10.086336597079692,-6.2623914794496365,-6.927443605049948,-4.960363385080445,-5.370395750093716,-6.023803890567253,-5.579554130628562,-4.387316914883831,-0.01247276794758656,-6.241554568502257,-4.904155318511763,-12.173552735257173,0.10678300751046485
1.7877284185734539,4.610314589200082,-0.5211617832134339,0.09405753968036948,-4.887903165337316,-4.108878168093371,10.972676913759956,-0.4258540268683061,-0.570116221948938,-2.6751502725119085,1.5032401473948922,4.705284460542987,-0.5258723140005374,-0.4336893874684123,-0.47296387852703586,-0.5323970252102456,-0.38014105748537214,-4.422639323291056,-2.1525533332698252,7.435115280291228,-4.563525844477352,-0.5003784480319026,-0.4474563332252022,7.762335082990247
0.3500584705062293,3.729420691870641,-6.282588222159921,-0.9829828175046509,-1.04906217204735,-1.2103180282789814,7.960392358051973,-4.30327533024646,-3.7137675437041104,9.136683300889475,1.0844153064851465,4.262479371727538,-2.5164606828004663,-5.460134381270223,-1.353361795631863,-1.2832406593910413,-5.297352572282524,-1.3406602708460262,-7.143931191219067,6.7863055709680875,-1.9839134927115343,-4.554373134715839,-4.314179386137849,10.212361363268704
8.273689434211164,11.496292166686583,-24.05324714408252,7.492101556644611,-16.454182671635085,-23.99855914508986,15.361290763959376,3.2413473097478116,-17.19630849860317,6.554060849200141,9.530592985057067,12.263196545349524,-11.590115491090803,-6.475524658903682,-20.537387637884983,-17.852295227498132,-6.6873513887001135,-24.090729966443533,-24.60346732377848,14.557857789274081,7.410676068774117,-16.040858972914695,7.300969483103253,18.74256952966772
-0.005412716639438098,-3.8360324369213545,-6.963792266834505,-3.9896579240022376,-8.011170163056107,-6.030884453919134,-1.024512140942625,-6.4828795832791775,-12.311919295944866,-3.95579875658937,8.03924529586158,-7.282178827218066,-8.773762902938762,-6.957564801399806,-3.8678417594666694,-3.984634401725442,-4.4965076360769745,-3.7788600485246797,-7.335054771996187,-0.34984037652214545,-7.680121685916025,-3.6962758349224414,-6.161777601222564,-1.8439929464496791
0.9254503972358235,-2.101449555736613,-6.347968362582526,-3.2335371689463366,-1.8066358276852172,-5.7240932206630495,-4.689870690899654,-1.6374515013029052,-3.502727772160329,-8.123575355838101,1.296457572137569,-2.9312670570598804,-1.7332403847071496,10.179956769401754,-1.9901332079320673,-4.439561635624295,-7.836843640746135,-1.70234917576405,-8.051650469275899,-0.012298879794200593,-6.046484511874982,-8.119227364864685,-5.934124188849893,-6.902679931139576
-12.642368450507295,-14.53340995647336,-14.343014560439656,-19.211904828305922,-15.859921403366618,-25.0,-25.0,-22.193650600223872,-18.38517469434742,-24.638627025616728,-11.249438116617108,-21.500120935215477,-23.928878885581543,-17.61397628518579,-20.402833825397007,-22.428818794714047,-23.56430966685658,-24.461427057621634,-15.234375880454886,-16.545374606278784,-15.244367420860138,-23.163627235021906,-20.856233555415162,-13.300645824160334
9.221340183556517,5.4478900495331155,-5.531320403782429,0.14874423517437452,-0.5686401951206934,-0.8626365630686607,7.840082456451537,-3.050683753254185,-3.9016987770691247,-1.0591665680764901,-0.13207781772190125,5.086906618089948,-1.2785988062847649,-4.300579676887484,-1.3112583534769584,-2.2563112474009115,-1.0690824626223687,-4.9031272855383685,-0.8428348503447042,7.442167941369518,-2.802525412640675,-1.7779440051158655,-1.892930516541113,9.310802152243344
3.9785627669890347,-0.2162791735267131,-8.418258058657218,-3.8568598237704226,-9.458550619587387,-8.240892040940382,4.123188533155922,-8.664851283758015,-8.948244986151305,-8.040098302886888,-5.076319693301203,-0.5855068474015542,-8.369102625109214,-8.273823263729508,-9.061888821954115,-8.869128551233924,-9.327557692331569,-8.173072550757226,-8.16567188177338,3.9228688293818177,-9.126631388751768,-8.193906064344857,-8.422696064098028,4.140361657842359
3.3106397029232357,0.5905073901978763,-7.122230497219002,-4.045966427899098,-6.879010963332446,-7.291366089359173,4.329604264350474,-7.449241547066182,-6.791151641727352,-6.481780644116594,-6.35953876609578,-0.32356954169793495,-7.483927014243134,-6.932039166220785,-7.118744966376113,-7.833906340794458,-6.653760929462224,-6.60880225923383,-7.939021144965018,4.142204714885555,-6.535862114460954,-7.201465444479528,-7.774931610125781,4.3195576620768135
-3.0890817902356114,-4.446855766766823,-11.719421591277245,-5.911077574928251,-10.688085602673572,-7.937910536677843,-5.957972566844695,-7.392533076637745,-6.523906153872964,-3.711045984265029,8.444816730349778,-6.892267110381994,-3.5619215467460585,-3.4326652554938395,-5.233690059571067,-8.898247885617346,-4.476261109825766,-10.594014443068076,-3.4003259604164624,-7.4833229048303656,-5.025796704014728,-3.0203582172438277,-5.225921197035627,-11.2073404169739
-3.0519813799784523,-3.5771962291441155,-4.779992188066797,-3.198593646480369,-3.3855328043041473,-10.005370183838304,-3.145406763409208,-10.607738394509575,-5.884884237465517,-10.149901974238473,-0.09388501722505832,-3.249183150363003,-3.071928147669592,-3.1312039295974885,8.824942120173347,-5.384204801976969,-3.3044841719487468,-7.064217079315926,-3.083784489758122,-2.701060254683193,-7.2043114533757455,-2.6408983863548787,-3.3681881095165265,-3.000319353712528
-20.94242486712969,-19.82386442267011,25.0,-16.96256688032624,7.506157844929982,-11.53577419644071,-25.0,-22.2249288658173,-24.43767505544314,-19.200630873101275,-12.517367350531423,-18.89864618784084,-15.901726410330653,-11.225265222304996,-17.20173265923342,-14.884846924533235,-18.666083233746345,-19.578036555095665,-17.112553159445696,-25.0,-25.0,-21.93678647262631,-11.063514072258176,-19.562847650000034
3.2574734926132076,6.0676868367973364,-5.941692766233391,0.6936165081965548,-4.013902627718046,-2.9893632613016883,9.516088092726504,-2.5278883134685217,-6.224515167235059,-1.1195092905583781,0.0892066249061118,4.632357000825881,-2.51033048677748,-1.3316770222010048,-1.1042386457579212,-3.081289448474727,-3.7504775503986854,-6.723516598851377,-4.496168114189501,8.43401602522052,-1.6231053698990028,-3.9387971812584137,-6.613387839032861,9.36694337472819
6.383379688499428,9.746671326687897,0.22922327093468514,3.896417180765427,-13.066370013268106,-6.210181177701749,12.56864063723512,2.1744108142298546,-7.679036462704451,-4.217429346325049,3.152310457822307,8.007284790365158,-9.844757032244907,0.44197232765045485,-1.8759654446933267,0.995679785708826,-6.446070379526481,-9.059597598942664,-10.068572054370847,12.641440533061356,-2.8189980288378513,0.6615811536240996,0.696614523020828,12.061704769420276
4.084231614279618,6.343423967760979,-2.894656605208279,1.4976616755919854,-2.846753020614808,-1.7756283605641285,10.039528889312463,-2.9137318816088587,-5.574133848250224,-2.1446873534877553,0.5593267672278088,5.17015410106877,-3.0133853074779786,-2.3251140295832586,-2.143250589211926,-2.9515389000749512,-0.5557408333925423,-2.006394285296371,-3.017589690790582,9.881716813866385,-1.5810048017415104,-2.5686427095326994,-1.0866149782376981,9.663426003301494
3.355480023407075,0.26515602371904673,-3.622797481257968,-6.61876536528789,-6.331915788146753,-3.5515379914590364,3.425603403273965,-5.304111935275629,-3.7193156303431008,-3.7960824229045147,8.317949912095326,0.7313197598819727,-5.068025190786196,-3.589508680174954,-11.512242788768983,-10.501933976217265,-4.191305591294595,-9.682428822117748,-4.836716496971758,3.0130833064961067,-9.707592647120954,-6.988085464032853,-5.936246378037004,2.9960446668330896
4.35467201355953,0.6138458377332379,-5.717401369759761,-3.4608336346459705,-9.069518637772429,-2.765415248293892,9.291177929929109,-4.486864114972039,-6.858042301323574,-5.042923280765191,0.29294969261848125,1.7152524762693693,-2.9651626936488364,-2.6209275098318625,-5.191833466259554,-4.921435479963267,-6.433749888009455,-3.094511009670092,-4.180694829391863,3.572900527603201,-4.7678914746643235,-7.059617836538715,-2.9391763710123833,3.640915752233887
5.471218592934945,2.2576511435648667,-5.901353712010414,-6.14287443062396,-10.018332725215746,-5.7855733556124,5.513939765240428,-4.734321560730057,-10.258336093693714,-8.374116159888478,10.376769691088839,2.7527006890837944,-5.931298586983273,-2.626926277164296,-14.411020666038436,-11.732134720450158,-9.636912438953269,-6.596491648636516,-4.683205204894481,5.041427263021238,-11.918658051999984,-6.123325761191282,-6.101427192016689,5.115059744492274
2.282956315337567,4.173286574925826,-2.1625742228850067,0.5995946364154789,-8.193966149296122,-3.4464753437387756,9.702158151002584,-8.574479843942951,-8.415669890524736,-5.137034575195644,0.18179321753263566,4.51443648647843,-4.514508943252829,-3.973822774422031,-3.353203528410163,-1.660563996638344,-4.066445221878511,-1.8370388956032442,-1.6388036050368449,8.025511284559585,-2.4100712790747343,-1.6951184484356867,-4.592077770391044,8.662741343223884
11.407981557949197,13.282622491578667,-16.86616135215038,9.320225938170074,4.406218271316668,7.843766433457003,17.835250946562017,2.577957884714376,17.60832348903108,-19.985479693577208,8.997369171938233,13.906567293781842,-2.5069800533579283,7.877807862932485,9.723458752836422,-21.326442127944496,7.555970238080537,-12.287001912868966,-14.69970187681627,18.614392098750116,-17.125486693985764,6.776847852282364,3.0638198031520947,17.802336507310542
4.025305874639732,5.522335699001213,-9.365758585576183,2.3821102129283034,-9.222775612024515,-12.75412302574507,11.031830818146071,-2.532346320644553,-9.103725607578543,-3.9049588808137305,1.5898016319876866,6.127973957579873,-1.154034322555151,-3.782119168808997,-4.832898970804167,0.18989046140170382,-3.3052222280119548,-2.7436426582928606,0.5212347231836648,10.85612647275262,-9.47584282000428,-0.061490618864130486,-0.8203955164934531,9.498918532201536
1.6476921657432186,-2.3484310972110345,-6.3823010804714375,-6.906599762824779,-3.405240487282915,-7.545122675685883,1.756774568411307,-7.770400072068077,-3.2041779667111787,-9.467649750809228,-0.015884578624261785,-7.918798558063176,8.741225515547635,-13.64791501969169,-3.838912849732404,-8.167581520751428,-3.457046094920423,-4.138276838925798,-10.247689243075076,1.0379118629573705,-3.756034436832608,-3.2260733371200665,-3.247981036531505,1.1964495338434658
5.852704957614696,1.7477949181705508,-8.648088409282183,0.2967768174892787,-7.064063692879902,0.8290755255448884,5.762575051296479,-11.063678946056575,-3.797388602723364,-1.8276283519581478,4.112958118028055,3.6511137935778013,-7.113274597655974,-9.573037621505673,-0.8930590992295547,-4.057925786222704,-13.257276622556427,-14.39562800335483,12.760033875873182,5.436945120991265,-0.04928568630592602,-8.159933875111188,0.9288493741992183,5.356780186331356
0.6714633867713415,-3.2939662098404012,-17.49808930178213,-4.489600276306927,-5.453807725175766,-4.112894177568122,0.4354371550030682,-4.723485027386877,-15.284319178415346,-4.572558629780737,7.50309512176051,-1.8522900408814025,-5.1557842076990585,-5.648460909629617,-4.622328735662619,-4.441697057278945,-8.874117370621313,-4.540325988382213,-10.541807410292177,5.3232080473899845,-13.874958121143202,-4.064543187120654,-4.352037247941515,0.3016026031269474
-8.533994081931121,1.3413578627633438,-3.762970739590455,-4.267333632429352,-5.532135469837493,-6.90474918724778,8.378166615611988,-4.1025263183226475,-3.9792367622556886,-4.212396379554412,-0.9100306552756088,1.4963298819597541,-5.525514182359454,-3.7227588964207956,-4.555435936614704,-8.608421803739825,-5.370314031101107,-5.483169382123507,-8.466190601571872,4.017378704519226,-4.262358320380334,-5.348003471680531,-3.647285543217178,4.209673814378221
4.080840754399682,4.861130160442216,-11.164984191891854,-7.60985941522941,-9.879178764318818,-10.391282892878584,8.28762249003769,-10.304676824276621,-5.811239450772628,-11.135545894124496,2.3840079408630084,5.064928348422136,-1.504275384339445,-10.620255723824643,-0.0026758869258608426,-1.51150987507179,-1.3149147482432202,-1.5171759308256245,-0.04995811444459164,11.716693295668763,-4.886060031356367,-0.7336356117247547,-5.398818934902293,7.581075247810689
2.3795061851586876,3.0633267113799225,-1.82062824915989,-7.693979387205937,-10.2595677675027,-7.9984695377028325,10.156815065983086,-10.07920626383824,-1.8770905096236643,-2.244388704168772,0.7701045472533546,3.4411627129796525,-5.99514773943716,-7.771919407918907,-7.3138147275666405,-6.290650227112531,-3.2371403804424106,-8.198178299829424,-1.5419157194945634,5.867155580341941,-7.20331472291446,-7.964348947350524,-8.490499903008859,5.847154684456931
-1.168311297502353,-3.433444525710004,-6.044788550671147,-15.071653649474253,-7.494813915656414,-3.486950195963575,-3.386959863607107,-14.07221453870405,-7.517647595643761,-4.605693761796321,8.483893464479928,-7.907470808862721,-7.823850807012669,-7.234212796767972,-3.688886070637487,-7.406026608062035,-7.197943165048198,-3.4953098095360535,-3.0846994337452243,-0.6320592669582565,-4.126914788835254,-22.21260026239287,-6.443299589740201,-11.666981331490824
-9.005513969027767,-0.7610126379802995,-3.557735182840206,-8.849688190524082,-5.004360488790927,-0.6399513062775665,-10.161754502550846,-5.805328648152701,-4.613702362815398,-8.725911892462973,11.256045126810339,-8.237762510011054,-8.218760395502875,-9.063762688261487,-7.121799424632646,-3.7670747120079877,-10.149420745666907,-0.3340844559583848,-4.261137180029522,1.4863136339822276,-0.9466176423759853,-1.4447922440399987,-0.6934455165820135,-6.769550622654804
-7.488125003685065,-7.189620422054197,-5.650196608332885,-7.283195559874076,-3.393425806942789,-5.3450486900685705,8.513059205227542,-4.283667340085729,-7.224783290668779,-7.582670995150147,-0.3549474679592191,-2.730462410960419,-6.434349073622885,-3.1357222902937973,-3.356056235122744,-4.033639244304416,-7.197290000947296,-5.311172560219833,-3.1047479464011163,-6.662691536110728,-6.130120297485662,-6.5929265255848515,-3.5114294764063914,-4.536599337812138
6.28642835986036,3.558470054563972,-3.649351120079414,-1.186235645777316,-4.294058467824102,-3.6249301266392573,7.035515277249043,-7.036948904707445,-3.61641646879659,-4.675262861510594,-2.3248651566177965,1.8892353054804767,-9.20733297347652,-5.052154470196643,-9.243154088621566,-6.095329361507106,-10.548170133261602,-4.855270265497521,-3.702894553799969,7.118279194039132,-4.0662857400998575,-4.433513895814063,-3.901371624340941,5.72247188124681
10.324157941632281,-23.288215542481815,-16.14796553311565,1.7461488620412804,-0.6306056513643745,-0.7976577792167766,10.221222240841136,-0.5821122654611538,-14.049447122866916,-11.561182216615443,-7.363474037879569,6.102486894690474,-0.15462919238024006,-0.6942561968871345,-4.553299657241824,-0.7602413844821075,-16.36468375748446,-0.5579658687905942,-13.791771640867138,9.837216299742497,-0.6162602063519698,-0.7179972443856206,-0.755703341722526,9.732875310265927
7.029528685622834,5.437624398520827,-20.228364829384336,1.601902498226284,-14.37474889413561,-2.259421889240589,9.283530381377005,-1.3728509672350169,-10.6125868805818,-22.28865265666775,0.7253646801974787,6.40941069072964,-15.67799071097108,-1.7346564050166675,-4.3269907477452785,-20.845505831006083,-3.539588108116076,-18.16755200983862,-10.413266626252284,10.464871988423372,-3.4634773215328076,-1.0914188323207157,-0.9513084878276156,9.550538893693453
5.6118685994416975,-3.747892445925554,0.8686409935394376,-1.5762202890298718,5.789290441346673,-3.5904824402678046,-0.008990619921804058,-3.4713238720186723,6.3333903243102645,-3.6076716646152343,5.747993533756102,-4.861169191367781,6.719008831534414,-3.5775392739644953,-3.6001395895864157,-3.641265112938672,-3.594789070213912,-3.8409954425305424,1.106777284970049,5.2288057440267215,-3.670155227685609,6.0792298520823715,-4.21912461203029,2.2905273672571007
-3.9830424805540954,-4.575634359400299,-7.861848510046927,-5.817045139774102,-3.177146691067008,1.3248369367840895,-5.479223932387664,9.775710553550384,-2.426923171667949,0.6365360373665963,-0.7553509910783616,2.4590746269402173,-3.8949615297400726,4.997712213162151,2.310215151556167,1.3246535958834356,5.480959383871754,-1.2536837507517482,-3.8919645658961994,-2.837883118967803,-2.261147123956542,-4.319865739380856,-5.3582942273779,-3.8662958689849316
-24.171336913770137,-24.297858184213304,-25.0,-22.975757145135937,-16.68279994148169,-22.723532535024397,-20.659812693825902,-16.936098386092308,-24.749078744014625,-20.35181853638886,-9.321362761330262,-20.739851067561084,-16.611439478523028,-25.0,-24.709698629436506,-17.572831854447568,-25.0,-17.270203120784753,-16.644763006098525,-19.869060519805856,-16.48187894924127,-17.15469747846062,-11.533439597587062,-15.235813171202938
4.3758618156487445,6.145020027872108,-1.4802279120997826,0.7804798512084912,-4.7395958786980685,-1.4712403444956226,8.922573142751956,-3.137441330020469,-1.0187896922326303,-1.5163461038341324,-0.3429561884354562,4.740849690085769,-4.934163785942613,-2.377495821569746,-3.419569122489044,-3.431645566113758,-1.6603305191207074,-1.5652975680372616,-1.5898419766914684,8.785545289543673,-3.4694750653490596,-1.6787981127384566,-3.0635941058505116,9.58809098100372
3.8959233842841163,5.26276107571836,-2.2971827557255855,-0.16649528994103505,-1.8298113114759997,-5.038684073011577,7.854153315786954,-4.059181582654787,-2.114704730890305,-2.3513725927958213,-0.7062752020083947,4.605318954360812,-4.262168837887545,-3.724018541055619,-2.433872327541513,-1.8729419339825473,-2.4921086480309858,-4.6942718138837645,-5.0193129203469296,8.805238041764534,-1.9014851898470708,-4.69875602355764,-2.4988630182417966,8.766227254766505
3.531513929631663,4.317999367946189,-2.2613960755839084,0.027366763580936704,-2.197145154298292,-2.1894705150163354,9.175976000514146,-2.373273597526445,-2.278416527429021,-4.8056083412467085,-1.5524566540345979,3.9324926912439073,-2.596336458253984,-3.183937242142172,-2.238336960145614,-2.8238148126059226,-2.1992063014172776,-2.219300871146992,-2.252745210222432,8.283003505454074,-2.247585723116818,-2.713057385531607,-5.053825017999752,8.422558862316484
4.701442961711051,0.5838727025492326,-5.2192964145928125,-5.209232925254279,-3.370670199641163,-2.3267694985316334,4.255562924068968,-5.58982955840057,-3.238750196722905,-11.049038121203099,9.771964818838889,1.4320814919307165,-2.882247560716664,-3.95688869304168,-9.779781929875972,-8.167619675460331,-10.613965362300332,-2.2912334909930765,-1.523135176722617,3.773346193168169,-5.395521318071819,-4.082082198913389,-10.72507619637123,3.7563109038035867
-6.087618980416195,-12.47466349983786,-21.953181356240858,-20.268969599931335,-14.137569095314497,-21.69030142165732,-7.20072829014712,-18.764194690054595,-24.969744191038906,-25.0,-11.490690167404068,-10.285552890198625,-13.797570690848664,-13.898414205260032,-14.708097298638721,-14.197501332598891,-14.479031785875312,-25.0,-25.0,-7.476108516166014,-22.82442421111234,-14.662824342010099,-14.444304946759244,-7.693938510996036
4.4793942319338065,-0.06339672402260889,-3.5400003683533643,-2.6102452500640294,-3.124839420653162,-15.412381729533656,3.4707457385432314,9.029058034709637,-3.8412452388884866,-3.937704151044542,0.21586332715165135,0.886276162987568,-3.689240328394926,-4.922771608950895,-3.2281624796555795,-22.624499529082136,-24.88559747120211,-3.6138178133901806,-2.6931842871259253,3.0294156648733654,-15.708131535058286,-14.253127378014744,-6.309130748288222,3.006055152022142
5.328709314109768,5.794866271332221,-5.168560621076467,2.6485634736394217,-0.49688737185092907,0.5594514782355745,12.060461911564435,0.06851061638809744,-2.070328374237878,0.28130199115874926,2.3267867357493266,6.373353535647225,-6.428772663726154,0.01895316420264111,-0.6157146427446207,-1.5770090791096862,0.2178587020995411,-0.17642121128382823,0.2600185299490306,8.980188359870326,-1.9720505825584456,-1.7665180231814015,0.16532530434176057,9.019862907797053
3.2441471829665067,4.111204841140118,-1.8698899451770974,0.7645796552468888,-1.7183716731009044,-3.108907748179105,10.918937985087071,-3.081891930967226,-3.7877260682012603,-4.713866168905443,1.2444851842063167,4.56157288729009,-3.7317526237112797,-5.056028782405897,-8.829023771925234,-2.7987775409789855,-8.838660167503816,-2.422507355278739,-3.4022849782900577,7.536257797367144,-4.930453686465482,-8.848170211585577,-4.739380599778893,7.259329518503938
2.4370304328138994,3.1961317346693794,-3.721655704568483,-0.36570812294474353,-4.0840754966129085,-5.363550184496592,7.691943026272306,-2.5253907649467564,-2.323259276055276,-2.1087624911113356,0.16287541814286344,4.009880191545864,-4.314736103585935,-1.9807949311684072,-5.188399550664038,-2.4954657016832376,-1.8420111584581627,-1.7311613669994224,-3.7929546595416936,9.965900622128498,-1.9710035691388794,-4.937762559093207,-1.7131494363323392,6.2463567098978166
2.1450128368866044,-2.352122604729555,-3.1002872540345443,-4.178644568710982,-4.541467849510877,-2.5044758919135646,1.2033256622626838,-8.40818380083186,-7.5272561733140915,-10.407812197795206,8.955148264534495,-1.164138083497152,-2.9267652566446394,-3.214013637272084,-2.9109627480215865,-3.2881975912987143,-3.7790604184259022,-3.051371110586869,-5.2636602694451184,0.8704015339602282,-3.1747337411328913,-2.739813347397781,-2.979169118236145,0.5017007620801728
3.885212683879101,-12.350576301086452,-6.783181790871239,-21.99060864371582,-4.540313061762529,-7.043779541419213,2.4882994205470914,-13.874129199340242,-2.160952615575983,-17.131354789392528,9.790754227405442,0.06610620394622223,-2.0105542312471436,-2.0533186639451237,-14.45695904017328,-4.061567603678467,-3.3179384518609396,-8.389006545342356,-9.416009342071389,2.1232645877682677,-2.16554089679032,-10.143514929758966,-2.047406998493435,-17.939858308236982
1.0842058974773163,-7.907842936707152,-4.823947816138046,-3.913288003921897,-4.225278877731968,-5.653296120722227,0.6541822862329626,-5.8121987092517164,-4.019856838193583,-3.939983169234476,7.886412825613881,-2.6918976747494843,-3.908838621311113,-3.9375491534290274,-4.329616060588183,-4.026438786587752,-4.293034096798481,-4.114407851905577,-3.7328477904762605,-0.08961111648808703,-4.776403641712163,-3.7786435558019464,-4.023600349877934,-0.06074104242744533
-0.1100675518441693,-0.9291101771245872,-3.956610373258709,-3.4601871673652593,-4.020708479105896,-5.21229825793808,2.72751700419695,-3.746048623703999,-4.598535248347941,-4.306284936990376,-1.117785178492691,0.6469887055948869,-3.931151768170983,-4.313737295898854,-5.166886173137087,-5.472516435943345,-3.7559309177766997,-8.159933822270517,-7.891068364352461,7.965100265914664,-4.4463644488892085,-3.9907651106618856,-3.82362572509635,2.300902670869291
1.2785944116998753,2.223685146539362,-23.6225893079353,-5.356213557368844,-8.683874529524509,-1.9197524298892135,9.817626797801132,-2.5565689922087795,-9.577117044845082,-25.0,0.8512426334454862,2.5319445020642988,-2.386359781010215,-2.492021113379238,-6.478592085213056,-16.17153998011614,-3.2924539193214355,-2.209871761240188,-1.7595485892126312,4.782787822399869,-4.309724321793989,-2.0664621507629723,-9.098385680522165,4.905083973258249
-3.870500217170573,-0.3440106636825755,-4.379925814801245,-5.057110252481749,7.757880867684016,-4.725547006381157,2.7918450624250863,-4.193522777551892,-7.054960395215543,-11.486539251262325,-1.2424122759989786,0.39162717494420773,-5.222957888182613,-5.765111293636561,-5.244016339315632,-4.732570302814264,-4.521318689606261,-6.3123230311558585,-3.5558374810960336,2.3576061214699173,-4.442701767938184,-4.954265626747407,-4.2114210545249,2.4225745394562233
-24.99999999997816,5.31094562814069,18.226773073022162,-4.8890506736751576,1.9480802203441558,1.0345901332299658,-23.83947461730612,0.821275044046182,-18.742828853671753,2.9937506381649124,24.999999999977778,0.3942674042407541,-24.99999999997551,-15.211195856771713,-20.3132320647435,-6.947287629778175,-2.117025147152809,-2.806372902345556,-10.999089859398522,-1.5758461080805237,-24.999999999971717,-15.546421323378171,-3.8510576482673415,-15.113280695928234
-19.621849965048657,-24.99999563591542,-21.08633844539741,-24.99999550236075,-24.898376100462848,-24.999994177505457,-16.87933897672369,-19.272833844015985,-18.504622896213714,-15.671184669844907,18.77734190319572,-16.93855924938728,-19.806556162237754,-17.31926919603065,-24.99999471032479,-24.999994872022697,-17.959564014505958,-24.99999538593572,-17.880647819759545,-24.999994819995518,-19.516120988595354,-24.999995716058034,-17.494892720965048,-15.558043952222693
-11.804381143144061,-18.068073716173526,-15.408082595011996,-24.76929589426054,-24.75510746098249,-24.880026079056623,-14.216453042928174,-25.0,-24.953605309491287,-17.765202550757817,-10.336822905718513,-14.421857388387453,-15.17239876203063,-17.469189179744536,-14.573204302336741,-15.005699774645413,-18.337785018826743,-24.964184537361056,-14.1214087038784,-13.157449945675067,-16.63196386704715,-17.853113848115722,-14.762598605653798,-12.332681863004721
4.1972201084414325,1.0903131348176687,-4.213018111794396,-1.4426817689682565,-4.8818687992135175,-4.60086940179412,8.530118391466342,-3.0605997986922264,-3.283572869136727,-3.561838792811651,-1.2516667674667932,2.28873525622417,-4.987624744765752,-3.3000805739392747,-4.691734461466848,-3.4742406123700427,-3.4526196791132158,-3.3248050667373827,-3.2881816659263947,4.5062117821124,-3.6288118324457375,-3.153317984701078,-4.714551352379828,4.387280737117636
6.305870876018121,3.5111060604578554,-3.690569605744636,-3.9839278588760543,-1.1254133187465651,-1.1073264614818872,10.156935540659095,-2.375724064525049,-1.1418010253732929,-3.787629986934712,0.14948567514312314,3.906174008109509,-1.5983654749677803,-5.54679460587007,-1.3114983919156389,-4.490591481337927,-1.5861206982946239,-2.9386770475029764,-1.2451584335800345,6.687933741351093,-3.210207654428517,-2.6886339915875306,-1.6176731511761275,6.865592954448371
5.051004528954383,2.5927417252563094,-2.4164091590831958,-0.41475315448582717,-2.327225613661386,-9.27100977297526,9.272201402815297,-2.5989367839791444,-2.164904361376597,-2.178898765922499,-0.5007763910677517,3.0519136682398242,-6.219165438412662,-6.716667904415093,-2.6703393316362227,-2.3557517299777158,-2.5641785839998454,-2.798204859004415,-1.987280235868134,5.874659328121998,-2.3190665680237403,-2.7116280013103644,-3.282028359140969,6.398698679857938
4.2107062878907735,-5.791140970792929,1.608285504288733,-3.264263595674513,4.410730228542623,-5.501938727440397,-2.2145872392928614,-5.223364270855265,4.467938143830049,-5.829293651911036,4.040973477905202,-5.477510165180451,4.578219027260476,-5.493744871252522,-5.549295034605973,-5.62384152478527,-5.421004690136082,-5.683191852561272,0.6997640915510193,4.109301809814089,-5.586238655766107,3.854649599985773,-5.319718145440544,-0.14652313674101336
-6.386984671662542,-9.839746548740237,-3.7528733404849794,-4.17719802229685,-10.80087422649993,-1.9204165584955442,-4.191248413495669,7.572804173760635,-4.084737580808192,-1.7926195336779385,-2.6611360580371017,-3.463151987255841,-3.7316701656137194,1.9385052822609634,-2.3027264108923693,-2.793014706688045,6.292421043454479,-4.395799230615848,-4.118840520053091,-4.287710359095445,-3.7636648227923994,-4.459548908157228,1.298946870314099,-3.8749974701541148
-3.367132199920843,-3.5081510445928674,-3.539124266753979,-3.5189495546357437,-4.264253221504476,-4.705587777922306,-2.880097093945874,-3.4706960788165797,-3.329806380421757,-5.462478965642239,-0.9640523312983884,-3.860843348320145,-3.92013675248521,-2.973802134601166,-6.01906520216507,-5.190709037020739,-3.1640426821642738,8.474738074050805,-3.6328658035739294,-2.984394590414772,-3.515169377830306,-5.334560797723954,-5.603508944226309,-3.0704955975787738
6.859241289305524,6.637353261442462,-2.804963903320622,2.3711500642472414,0.6644219534828456,0.7108941027512611,11.245177459453087,0.2787159620490689,-6.030706694708643,-12.445258309886125,1.4902126623801553,7.076607025887887,-3.9272502018554722,0.45905834557473996,-1.7823038229128876,0.6816084680304266,0.3075654361958216,-1.3915061127616055,-1.7850977293098405,11.114980041212235,-0.20736399420050033,0.9832236558032563,-3.896786152591674,9.613267282265976
3.960947311565264,4.001025183542623,-2.666334354543788,0.3776536290510786,-2.0076093221008158,-3.3671072253175827,8.914789118700782,-1.8090293017721422,-2.9572878200815502,-2.0125132454656525,-3.3996163549170757,3.919405229484451,-3.235554349482678,-2.0378348765503858,-2.820925452954347,-3.258654943205298,-2.0517407543893067,-2.871213985097789,-1.9685614704891887,7.778437636511644,-1.893526101945471,-2.006058709080139,-1.9736056181131285,8.053594613997484
4.271859996275898,4.104924132288368,-1.714332514444576,-2.3107047113229076,-1.628235852613947,-1.5032046964777352,9.801720559234605,-2.9683366832303846,-2.0558308237084657,-2.3500309405055266,-0.059212004295257914,4.241117194379051,-2.076219260936538,-2.588933266718749,-2.8662024180393963,-1.9815979393042213,-1.5542042777273786,-4.590413548916998,-1.5626591313525247,8.397924108723313,-2.4433412048325636,-3.151839750687626,-3.344938965619905,7.718023299989944
7.824091253607519,-2.808449988788121,-5.0692795792938465,-4.3081322036529155,-4.048995768315313,-8.45925223512803,1.02621021885031,-4.120692260480305,-6.8790846130054,-6.718434400025692,-1.1409568250219344,-1.3098802695678122,-4.389357575343389,-5.019149490804631,-6.338168995403597,-6.622935137720491,-4.518114906636103,-4.07668803132334,-6.6625079458917815,0.6344446254956184,-4.311721488622375,-4.422359022837461,-4.07232259875856,0.30153750801487456
3.630338516911877,-1.4785936040553391,-2.9720365849371184,-5.324280093650167,-2.9194518956136637,-3.5763447639515142,2.4221206564828193,-9.537567858330162,8.907360484653063,-3.3379897644446057,0.1043703472401626,0.03462286673942888,-3.6362679451328663,-3.140533282644004,-5.797576248617243,-5.717956292170958,-2.903324168731007,-6.787237017341895,-9.171825337490185,2.0652328160961817,-9.91107512391909,-4.878776847863575,-2.8742390097175745,1.991921022336249
3.4523743496146695,-1.7943128345618138,-3.469629363153469,-3.536925449731588,8.64358697244598,-3.185598738095355,2.299422401821421,-3.378704060070391,-3.6088952632019797,-3.3094973571111677,-0.11368368401488119,-0.3995268044480015,-3.5081214949470882,-3.31993191257805,-3.4120296196275715,-5.942473764081626,-3.723633221110498,-4.844307469336425,-2.910545014685454,1.6149381933025917,-7.340407557150147,-3.2383581941944644,-7.829111209475959,1.8216845808541193
2.241429756942118,2.0198841072170963,-2.7701193935562944,-0.9515520100136492,-2.5237511011198936,-2.3832413536525676,9.462563378167001,-6.948705150415771,-7.194189112773428,-7.250416310326516,-0.04843664508084915,2.8633464446633066,-2.700658268810099,-1.8833506845821426,-6.875905936167877,-6.651523200219311,-6.96452852329488,-6.91031103260425,-6.664576832005496,5.744006262364114,-6.70905835791208,-1.7890121223738251,-2.867291063265881,5.094066597227047
3.7240883284402457,3.994764228642775,-0.975771108871618,0.6501982330472612,-1.0281003266827329,-0.4157894343334798,10.768344379388461,-6.93691141636705,-6.894179484491139,-0.5118335651200988,1.3106213379295832,4.292624108331603,-0.9403500168992971,-6.910315622530327,-2.16406682045816,-6.401178961341993,-1.0110711240542092,-0.6971028730273464,-1.1036946302005963,7.474730949677342,-1.8618679378867256,-6.736254157153694,-0.734716770426312,6.898056310719094
0.6606586491624127,0.9649410821302921,-3.969038516569916,-2.4606258832561223,-5.991809554874373,-4.129678835043787,8.316986795625084,-3.6792905661094233,-3.975646912071245,-3.581743587939627,-1.1790075229961603,1.7482154897580444,-5.027869680444,-7.570619202027682,-6.823236428169598,-3.935216544072021,-3.602142533766708,-3.8594909360428993,-3.075988433018788,3.819177354648107,-3.4834805908926882,-4.004673328909095,-3.4903489491291912,3.880147812708201
1.6274606656145885,-8.840118209903496,-5.589302463467278,-4.640277377694986,-5.0674422756104915,-3.377669424326758,-9.238794807987214,-6.6289194542473515,-3.706860998075887,-5.835138761592149,-0.21386408225404993,-8.138377605928445,-7.717330836772076,-8.037566634047836,-3.6435695456475448,-7.360951854196142,-7.99766120870338,-4.421607359108225,-2.960285373470183,8.297664357691215,-8.53109987270351,-3.743028055691225,-5.063298249784632,-0.917867816959694
0.536192020675105,-4.647318997952089,-7.204546415780027,-5.060955731218692,-4.252176961589014,-7.412104025563427,-0.5707571255366632,-9.072479380058248,-4.2500285974913625,-4.251429223696425,7.682222429947094,-6.76314793813389,-12.788992407495856,-4.886397659961522,-4.160775479441131,-10.912711343642703,-13.644484924031998,-4.133225557298617,-4.328561998342799,-0.7639066875243131,-4.96172965198135,-7.4971203539690245,-4.414764914095872,-1.3595716367844572
9.719155210596549,3.4591154242918405,-1.07202014275533,-3.3157703852347478,1.7836520102409605,4.801009323700112,8.699899303451822,4.863100805187217,-10.24285214133119,-8.195471818590685,16.67467514417486,-8.332819177882723,-0.5012227822601987,-3.9626035221474822,4.670291880975578,4.80796877819506,4.399385713799489,4.756665904252348,-9.903202688951193,-24.509871158068055,-7.044378974888194,-9.686171703996022,-0.4111514636060349,8.216839254342469
-0.4249144219513189,-0.30758262790880636,-8.468508795015149,-6.911273605616754,-5.966122821950563,-8.569686908834012,8.932319943050228,-2.9436248745512255,-7.6025548799228355,-8.335702974306788,0.04143084976475972,0.9697159185198997,-3.3595902780019027,-7.394317481704053,-4.8439719212660775,-3.069626611398247,-2.9145360890930565,-3.194416320039711,-2.4968973057273574,2.962041126924418,-6.703070201222477,-6.901781492253311,-2.7909301786482033,2.8712507737242703
-1.3082812125422179,-0.640881504971538,-8.83536708408916,-2.9742639175908874,-2.9539738692809365,-2.8977323722462467,3.104310600912825,-5.703434297461172,-3.276608954434593,-6.025523885738346,8.791802380801784,0.6016983204681825,-8.150618013501083,-8.893180215303794,-3.2426076412575235,-5.877605978307016,-5.926269080873017,-4.971038814179857,-4.302249436071634,2.449131911602794,-6.529995868833134,-2.939908351234624,-8.366874709271817,2.4496771909532153
0.778050232016947,0.9263677939488222,-2.9010991591471686,-8.845719613637756,-5.371297582584946,-8.070915795441769,9.618887515627152,-11.61252575441779,-4.5572200664927625,-13.220530646004583,0.7334108810656651,1.833477583237701,-4.875252605767524,-4.561267051862764,-8.313862128845392,-4.364826045563894,-4.27698151605868,-4.285924142414845,-1.6471956210800236,3.75017300542601,-3.9753132358886214,-3.5912955108275098,-2.481465095406269,3.916775291299324
-5.642946997607603,-6.138047549219389,-2.151905672143507,-7.687575629881395,-5.661576180537642,-7.202934856786372,9.658576448980517,-5.84260141184671,-2.639376032205313,-2.0211103957762995,0.959268697148827,-4.0811338245706,-9.080442924879854,-2.9726181688982654,-7.798321892697188,-3.6423431969776066,-5.734384240781509,-2.4290775376856155,-1.6687985236761373,-1.8127681399287592,-8.712110554405124,-8.212826289221333,-1.9206556335219822,-1.806360821995751
-10.195131501240757,-25.0,-21.714310783681395,-25.0,-16.554232089155175,-24.99999999999999,-12.272213813386477,-25.0,-25.0,-11.69362277482567,-10.608665392227984,-25.0,-22.946262166196814,-25.0,-18.97011202400416,-20.664365781998583,-19.997021615424842,-22.863459422033028,-25.0,-12.565123988044528,-24.60615941831074,-11.85888725048873,-22.242978357070307,-23.665915986725643
-1.450583074852895,-5.918085136784011,-4.107093556980107,-3.771833336322715,-4.827520147946819,-3.576950348588738,-3.735221558716913,-5.071517168759062,-4.527594934773848,-4.38429992497126,-0.7174134822672263,-7.821596405192276,-4.258605540777478,-4.895545117115756,-4.360451891265752,-5.256677702780899,-8.199828110392035,-4.027722499829828,-3.1596671805188072,8.129641878949965,-3.9843343742087267,-4.901665920453683,-3.391739457258154,-2.0794270703072892
0.770646556905257,-2.631368577576401,-8.900738289366343,-5.212528899162393,-5.902708091795017,-5.381098575921526,1.1705225060305875,6.371176157815011,-5.4493685948999255,-25.0,-2.6737174004254074,-1.1882897654738422,-5.541280443057607,-24.915813691829438,-7.005946049338776,-19.352550049845675,-6.57760118160608,-5.360051658496598,-5.121517680871793,0.6131296057494184,-23.42751015920838,-9.746481616168838,-6.220965473411346,0.6990795689547445
0.7907452589903001,-2.7382077236517706,-4.514261510892508,-9.970845200714663,-7.857285793359213,-3.8085560119663593,1.3207951229097323,-4.778048340881195,-10.619728448662771,-4.276423335399617,-1.1879822708678505,-0.8196264681830288,-4.309611994515346,7.654784942534301,-4.9296533597681265,-7.824506468662631,-4.934628018449661,-4.336586572924988,-5.070298294418325,0.5811317307337686,-4.236980264403383,-3.9707685003081403,-7.810973485213714,0.7913327454129427
2.849710457194401,-0.7330032161035609,-3.6657784518294965,-2.5420747701715722,-6.28777016556097,-5.352404231065008,3.2105854517989427,8.696676017812027,-8.750056788079041,-4.676764330415351,-0.3384887594504281,0.9830342390983087,-5.608465546561668,-3.0612696807855078,-4.547708283771498,-5.109762510506604,-7.627021234376387,-4.285076904621241,-6.04541125608317,2.627799079219438,-4.929674904890178,-6.049630076489947,-8.522958999568681,2.7678547568140908
2.06018128555877,-6.203362383165183,-2.878362963757534,-4.543119933848518,3.568434994531229,-8.214495750450892,-2.1044592303644487,-7.660430886287187,4.634331764046565,-5.991226615583904,3.2620515430224852,-5.846198065931865,4.718512103873096,-6.178158787391348,-5.9612859949649355,-5.996100061756552,-6.0249663974738725,-6.046282223341063,-3.113889134021825,2.2501131652351596,-6.06928700550208,3.395277860027686,-5.931074358151771,-1.6608140527843829
-1.461236676070934,-9.991391571863335,-2.238639313952827,-2.062234463671264,-1.4531115198987323,1.8664483159409617,-2.357051708445577,9.855085439206299,-1.7844900728447979,1.0041923651237146,-0.187218567052546,-8.738227845697761,-11.154641897251123,5.020699146103482,2.728205123456859,1.3475507444132824,9.081812488317553,-2.8780143224481067,-9.73218742256693,-1.6600831965996503,-10.634091367952617,-1.5976382593917169,4.667745649672686,-1.6901443478785698
-1.2955584162705018,-9.484139888717264,-6.66771056832932,-7.675650689886667,-1.125828212837684,-0.6390391112434489,-1.0460371773172417,-9.64813811410084,-7.60421379594129,-9.723941871577418,10.843113610219811,-1.9180814268612931,-0.9383148534042144,-0.959623339696369,-0.8643708468403838,-5.053802736230735,-0.8791964443895643,-3.825693639543252,-9.650649755196014,-0.9862600779925954,-6.285428103682839,-5.015170478026594,-7.80376380543304,-8.535542319468558
5.069060602657015,4.21314607507573,-5.627745448225645,0.34827915799885734,-1.4623226901459319,-3.2091487043911098,8.596232310257008,-1.555790959008267,-1.6608970754577943,-1.583694576530322,-0.14471844762701794,3.855978462390444,-6.117914313060071,-4.2750188077791575,-1.624365859788296,-1.6872711364133155,-1.9930737832119632,-5.098905293237141,-1.7865695030396123,9.763997263173607,-2.4316589303640326,-5.815189525796415,-6.283601442287074,7.197281941187899
3.2008020785804545,2.840763359548594,-4.04939865232851,-0.8569550051557964,-3.428017497917618,-5.718748243787764,7.271396549361505,-3.461995255341091,-3.0276657742681223,-3.559701141695147,-1.8169447046424998,2.1219096840303457,-2.601481352974558,-6.142779548917633,-3.0950446888497996,-4.121808381028716,-8.783916941471292,-6.264235527220266,-2.933490214379293,7.847618171554575,-4.271846233181485,-8.693480007321932,-4.488485809735919,5.127735783694608
5.063643579126582,4.493306767766626,-3.258495420428465,-4.418314871250373,-0.8378480442938981,-3.6693784460229995,10.734580920735077,-3.9787543935894663,-5.871902396658522,-3.75994062129654,0.8789430138236665,4.533615099813142,-3.033901712020048,-6.872791681335933,-0.9924805979065606,-1.532594770092358,-1.683049145813792,-4.0363527837178035,-3.0754050559738864,7.732234262821373,-1.583410284047324,-4.2741812355625015,-4.050283863849714,7.598624556695342
2.201726195079745,-5.538839456373886,-4.141701906101293,-4.719308884082035,-4.647271060458346,-4.2096421965628545,0.7597108301741498,-3.9473426971803907,-3.992582808494971,-4.150151154471994,-0.8579361291391475,-2.1835605688718385,-4.131813384977836,-4.573685092947385,-4.77847872329321,-4.015338693091051,-4.575486076798263,7.726547400093226,-3.8028797500609453,0.2825676689862519,-3.9649670073073,-5.520962436031573,-3.9675217197676154,0.09867167110260579
2.9275312151596817,-2.8444583755450408,-11.2203986576392,-4.098291646829041,-3.4359093445782634,-4.0370736710918385,1.2708006104772365,-4.009642628527402,-4.552132930991887,-3.700718521343328,-0.5419774782899399,-1.0840017435146723,-4.393670735072452,-4.227623124833325,-3.9573913977255177,8.09922306361699,-4.035164580056539,-3.9324088781033515,-3.3401075796956134,0.6621266279385246,-4.072803416457816,-3.8762660077659215,-7.4610411318510845,0.8143185987831569
2.737325938762072,-3.147729296570541,-4.9789555167125075,-4.12242948960257,-3.794072573822301,-3.850138700602023,0.8180458311808948,-4.081838306686979,-4.41875323636785,-4.549273568820881,-0.7168552333811581,-1.5968722255497083,-4.257412756834818,-9.383902328275479,-4.205868743755352,-6.166404102502097,-4.1666045873168684,-4.2405215824042175,-3.5712787974440796,0.8200780354542424,-4.232826308729415,7.894103659802485,-7.041182359539601,0.8164676179153082
3.2129988769476086,2.2800768605623145,-3.811932346860894,-0.8380277009413966,-2.5292304202989713,-2.499978581447287,9.181589793985028,-7.939349047218083,-6.563385843294864,-7.373389927022648,0.18622569701814162,2.697219168107299,-4.160753145405523,-3.8930691806190847,-7.3424980113205285,-2.2320786266858335,-7.690306021406655,-5.002479677610462,-2.988680814024983,4.962183017016345,-2.614172804016779,-2.0337867553581153,-2.836419182678405,8.492380495351004
1.936312109882873,1.1688496571452613,-6.624851728149231,-4.1218519537716345,-3.399301572622781,-5.012790661991606,4.8157848190028245,-4.677199651571436,-5.726104051394912,-3.870196069263688,-0.7002557012619393,1.5793131580456172,-4.022553474685248,-8.759125393078811,-3.3569798528160715,-7.7324465201110835,8.559879543932142,-3.749724176601492,-3.1636989067236225,3.973511392233757,-6.756142467280851,-3.944397853656558,-3.3155400063862293,4.061985308994961
1.8491900809529982,-13.40833137035608,-14.11544356850419,-3.010251063534283,-3.576085470240975,-3.621607396692199,7.788697374077544,-3.641650066570821,-3.735400834582574,-3.5380807055983596,-1.1625616088099977,1.306956984603337,-3.5308200452153002,-7.672993993826104,-3.6195151571504542,-3.8609838354707637,-4.225706219357576,-7.341185995335516,-11.844933469429378,3.3865007232003905,-4.390458418474716,-3.606335654511646,-3.939955515324821,7.099142230706498
6.419019209537375,1.6122070163512283,1.2896093664037058,1.3460874652589634,1.3378501005532597,-2.754053961113686,5.369668028505744,-2.860864451592471,0.825431579213638,1.1023590807831072,13.284746656689702,-1.0059393522918116,-12.337571025295999,-4.578908771779153,-12.664978218559927,-2.77975036727093,-13.231556239180497,-8.739359338168816,-11.476382092752855,3.3348698874566316,-2.075789163830246,-2.3813457612201483,-13.012655187540581,1.6925566520886008
4.043113013911513,-3.3548285787625356,-1.4098898506530089,-1.4362653786804118,-1.462161299757192,-9.308292834550839,-1.2100236412092342,-9.442132886776221,-2.528283460798058,-9.446047552606576,10.568672351843455,-0.524388498987226,-2.6276847813191964,-9.268345151042721,-2.041694075019588,-1.5788727087842644,-1.4735406770399555,-8.496101377151732,-0.7018253974410332,-4.657633712993806,-9.42592617063188,-1.3257797562291946,-1.2936418848155535,-8.472327279699442
-2.9642269466890205,1.0394033477000337,0.8311495329057031,2.171505580414617,-2.8579030679951574,-7.718034772212406,-6.31680163149624,-3.418434345311114,-3.795955425451757,2.3358397546110745,14.176512673083906,-10.853030171017975,0.032732977441270295,-11.08923508285796,-4.518641122791294,-9.906006485885598,-4.38666002828872,2.4440832204671183,2.8767257133039945,5.1643643418338305,-2.9617231791384326,2.336163835326532,-2.883344453107845,-11.240206487581975
-13.61286987739551,-13.130848069302274,-3.435849173887702,-6.294591458815149,12.670377472080053,-3.0467179294125724,-13.78051285777573,-5.726479497264575,-11.827527858540234,-3.0588348526411724,4.013704126040362,-12.891498506973587,-3.601411309440909,0.36550853048153664,-8.930924168272417,-3.443939791950098,-12.897099391698465,0.17854451928942938,-12.743261355068327,2.8087115272908356,-6.568721487630473,-11.711546743985158,-8.359948632938606,-14.247721912415587
-4.06277849492661,-3.756467699224536,-10.022617743740385,-17.31202680427689,-3.7551587489918608,-8.022656574291387,-0.7131804724230897,-10.352563982738502,-4.87869963524482,-10.10063982229414,-0.3086924506389557,-5.449191120625811,-5.793798484417566,-10.38250341870082,-6.183112621363435,-5.884661445789332,-9.16542410640378,-7.746869020353474,-3.4281523958034774,-10.25024724587238,-4.017091071785207,-14.15718608007373,-9.702854001451794,8.086777934513982
-2.8612617903333737,-7.637452459980717,-4.833514270058221,-2.9500913508726594,-2.6729941791965626,-5.27004662707158,-4.450464144746432,-2.901465237515766,-2.9559001352867647,9.082940902621678,0.36445024849295043,-1.9627794268415109,-3.102776706614725,-2.6806233317981314,-2.944226469404832,-2.8545864814096418,-6.272229862111207,-3.0272854035596644,-2.230586070818496,-0.6772750806364742,-6.372752614801679,-2.917678504195988,-5.636118392295532,-4.611587247792007
-22.355191625301988,-16.20055387141189,-25.0,-15.081122137939897,-14.55721134349722,-20.09646381198985,-24.605548065550447,-24.4109680309632,-23.3976049458319,-16.184242221641153,-23.888010770874114,-18.637190600041176,-19.158045123793606,-14.109670488276384,-24.999999999999968,-22.18214752319289,-21.690598307064565,-16.568966610999098,-14.441447758021322,-14.521825864401107,-20.573223421498827,-23.885577167173224,-24.60223850244921,-24.387879191893294
-4.888607993468997,-22.260504776092347,-21.130901490020612,-17.380362131108004,-10.432490764303573,-7.527163307057751,-7.6902134873747015,-22.281272216195106,-17.66878812515246,-7.598380855330595,4.302248631957245,-16.670275116069522,-17.467721201404178,-11.0607166721796,-15.165877540932941,-8.907624793283084,-11.56325506673657,-22.293968491041028,-20.402701080614428,-6.631104774404498,-9.678915711075392,-18.74148483952564,-7.609269373667367,-16.349825341338864
0.0998372826766614,-2.385758764439253,-5.251419153762392,-3.2896327938647065,-2.6003881084250837,-6.138449394909772,-5.115864968577599,-5.624467642776335,-4.21049490045945,-7.026941664236941,0.7181880057161418,-2.9639347217600363,-7.227083176448389,-2.3441663930326095,-2.849710696505357,-5.216619381428175,-7.940488658998979,-5.169920820018108,-6.006137601704528,-1.9408484238814045,-2.9922088616283102,9.263346568443959,-3.0494203234928645,-7.606394507442667
0.6775667075350721,-9.381025299126689,-10.784171851450246,-3.3784810576429805,-3.412692233696691,-6.230040840938676,0.7244462451592031,-3.5067511836402905,-10.780992979512009,-10.613036212173416,8.545589551184005,-1.1333691306267004,-3.259747905349226,-7.5904772136849745,-3.461789570992481,-3.748350448063504,-6.215004625097704,-8.648712241152475,-2.9094735166247676,0.3224899538148956,-3.5027900843090105,-3.0402390244671293,-3.43107767260644,-0.050650831566940724
1.3328004548689785,-5.549012643782719,-9.83712366184474,-2.8915811317838647,-3.095803783046571,-6.9215284072823104,1.3503187015609888,-2.8579171344927685,-3.069331908134926,-2.8610122053171185,0.4251909346543648,-0.43553746352213973,-2.7139827588179615,-2.747585395012032,-2.665186500507976,-3.015075363312737,9.126242820943528,-2.7917105741701413,-2.3050205911691553,0.7246372859204894,-3.0384370289850016,-3.2726779597163853,-3.0789199194117836,0.778879432249738
5.093481096071753,-10.563994629418588,-8.894522934764266,-10.889328372256184,0.25651722537901106,0.556144922125792,12.087009473796066,0.2716020523312656,0.015058025265596534,0.33667914691652445,3.2988992714885916,3.1869767164496086,0.17165890265661093,-11.892141582889835,-9.315490137116354,-2.9565319962537675,-12.135708854236942,-0.8289838306695446,-10.58189659245457,4.626888626552321,-10.447820184590011,-1.4968692486258508,-12.095708836911031,4.592627669200656
3.6033516300524924,-5.982968577183515,0.2524614880944028,-3.330024786853402,4.459220592182696,-5.906115689558918,-1.1657288734988263,-5.589636010309262,4.350751509716838,-6.742616089870896,3.7198362385229697,-5.989446131232595,4.437569711056209,-5.80991355209091,-5.81899968156272,-5.8424072820262225,-5.79766986453188,-5.872395556034218,-1.8570670166292347,3.734412794411135,-5.870277831921722,3.1638997131813613,-5.6405867152088565,-1.9897403222481622
-2.9091326968924944,-2.2661613660898423,-1.6787893630077475,-5.816020909202384,-1.7724405144609836,0.801032843635757,-2.804258589668801,9.56434154083426,-1.728403295246888,-0.08610316056783947,-0.8934820743170608,-1.8539568555100163,-2.8480444231935174,3.4118576271088004,-1.5986914131567094,-2.238606523656685,4.351078245205251,-2.4552434995091925,-5.46406904819913,-2.315109806832974,-6.826891659526762,-6.107332704317352,6.6576620480121695,-2.2918366341365575
-1.3610019808796252,-1.684925441070824,-4.219121146819345,-2.4439468996326403,-1.6700065491125926,-1.5717184508998638,-3.4499096041076784,-1.4435434249124461,-1.6237663985797863,-3.934191644312644,10.325156223960146,-1.6198810114904558,-5.913462743333078,-3.4895699418083095,-4.373805342084291,-16.700403625460154,-1.56607311043081,-10.750138267490184,-2.2201709214890424,-13.406551734151439,-1.644569548309873,-4.4137425507184345,-16.695260793684742,-3.9079192822104902
5.719032333711364,4.841452485017761,-1.1644317890118359,1.8269980286246308,-1.7268566964209038,-4.382594194367996,10.753657036974094,-6.217041804323303,-6.528485230441257,-1.2804807518599262,0.9191065772149978,4.6709680105713876,-1.661899967134807,-0.596570573059507,-1.1969446596605895,-6.190137824685842,-0.8531483624261903,-1.0321176727489338,-1.7057263085070953,7.649345222657901,-5.881170753055621,-4.776876258820177,-1.1303943502999072,7.318870169470854
2.949431744190335,1.7553648252071365,-9.548151798658909,-1.659228669910356,-8.717148510205217,-8.571145853233356,6.320387192131851,-3.956244667138616,-6.4471244912811665,-11.84064906530114,-1.7941568312560174,1.5717204652266699,-5.272951997677513,-12.925993474761713,-8.25158735915398,-6.633175606790264,-12.988176977504464,-8.733348887966676,-6.711906204069857,4.952973408891053,-6.487936005252397,-5.70822367481628,-3.9144250566158476,7.810862666308473
3.925328106184061,3.054600763107097,-1.9495896545593876,-0.12233155123442999,-1.9876456771392559,-2.3726737166838303,9.639024537727309,-1.4943567688711628,-2.0272667018588946,-4.231499371208178,-0.01788436329592355,3.0410754703876255,-2.248268118621654,-3.0683420993775115,-4.62096047229326,-1.6369573025042425,-1.4478220701296818,-2.282753843097441,-2.343630406641321,6.64960941490795,-2.1112858825487053,-4.609423264053611,-2.2494054039303073,5.16073142322949
7.6868969782651675,-3.3128986245997387,-4.388956000443285,-4.620529036008644,-4.0164425756576545,-4.000162520248042,0.6480638632704125,-4.395717231312164,-6.653966214601831,-4.487280966137331,-0.6781960838055368,-5.329576861766547,-4.2292877063599335,-4.56184384555904,-8.138149024294016,-4.93294321598243,-4.4178424061144534,-4.89023289486805,-3.868586800796339,0.1599085644414046,-9.24861348068104,-4.300462440293765,-3.892724506251106,0.005818444262113788
1.5994816352916839,-4.741113413149867,-5.148736010902801,-5.234875653338526,-5.316716948060816,-7.279621217557742,-0.6393049924652048,-7.165987664808897,-6.421383218507287,-6.926671425274057,6.692108702694302,-2.9418491137437863,-7.259498506360798,-5.087955307392921,-6.778414065445613,-5.4680070670780845,-5.434560339935465,-5.201428248476443,-4.783023193376422,-1.1838136465899727,-6.836191790178042,-7.156565727635407,-5.343439028618036,-0.6877116995474974
3.0278201912838143,-2.8302444098959167,-3.9138061127676425,-3.6901693631260413,-3.867465029398493,-6.828599739747428,0.8112210915132423,-7.183920895960404,-9.42720572717684,-4.154871925432326,-0.48037148644292665,8.050096678380456,-6.357825184519607,-7.5920945893373135,-4.1574516998210225,-4.1502448328269255,-3.915823198825907,-4.097627751766805,-4.032621236444121,0.5624128398304751,-7.939470099269222,-8.461957595458433,-9.613764935385916,0.6198802692976999
-2.089898303468606,-3.2860217873633175,-12.981213592229311,-13.201765960464071,-6.881919965794868,-7.369441804209489,5.3916727990406805,-9.554205138248063,-6.168003753434526,-7.73096462291827,-3.556990004050788,-2.2300344476668346,-21.56893519112413,-6.510555048341499,-24.683376447336503,-6.509437323175069,-17.330568132461586,-6.288244076425642,-6.100032233109533,-0.30917205423340355,-6.739107072958372,-7.7287316581922205,-6.880448099529749,-0.2899654602850713
4.544233405428941,3.187405552947045,-0.6697820534203124,-9.877275007750509,-2.9245651700797324,-10.301068657436488,11.200328391901877,-10.348966720487,-0.7383746146547264,-0.664717135771319,-6.555202019798607,3.8490692542387186,-0.6471696921883556,-0.736710148985798,-0.6583224399089083,-0.6966423745254426,-7.7416130957580425,-10.60609822528448,-7.56894886808045,6.088491849592566,-3.3238942686500783,-10.320358084330405,-8.973080374927921,6.173590524489094
0.5467139659353207,-0.9448538129097102,-3.7847687627592013,-3.3208411855806936,7.635667846953338,-5.781485602287369,2.5298206549835704,-5.3433209264876735,-3.92265789564326,-7.970208282170585,-1.4192901705414875,0.13175953076441344,-6.95062250577349,-5.105215947239148,-4.201548397451803,-6.970596806339368,-5.662916459867624,-7.056035674407399,-4.607939512303683,1.905965886412852,-4.27629057609026,-4.343148006328768,-5.33319873995378,2.009428960940386
1.6887928787401754,-3.801009263436803,-6.156367613486282,-2.8744262832227236,-4.540588476411423,-3.41417508195525,-0.7017995034849676,-3.799915270227965,-3.9929444402262355,-3.595391455278485,0.20585445368128527,-6.777025570483512,-6.858980867566629,-5.799444081873528,-3.7810580493697366,-2.5583038925906947,-3.403888014042744,-6.480042755086369,-3.091949681071826,-1.3418456544139765,8.902930754294887,-5.262882523734861,-4.090670672966943,-6.5117269958194575
2.5298497268563542,-3.251355010737666,-2.9203154736914834,-2.9188797642752307,-2.6674990468194832,-2.4396832043932566,-2.2462223756371844,-2.9694278369505644,-2.88840955641302,7.88431720905911,9.020290701717828,-2.174756598290789,-2.402978565619953,-2.410492745713521,-21.544007336726477,-15.761422125360731,-2.7874802081609564,-9.494434636104737,-1.985252840483714,-0.912875836214072,-2.5818352053053286,-2.5236094131837836,-8.041852801875283,-4.545959159879018
2.4648827439929013,-5.141648659883152,-8.263284659001762,-4.533316530043834,-3.728421992038396,-2.416464519961437,-3.8589803716698676,-4.708168122633832,-4.286113325077414,-4.116644464567199,9.318212210648474,-2.1482203002017193,-4.355101285905728,-4.242474905049383,-2.366823617528997,-9.294195302049001,-2.4255245112204165,-4.257482382671188,-9.37489173180697,-0.10598287557404201,-3.3032221659342698,-3.675811051261544,-5.899463226804983,0.07532733175315931
-7.962049674247573,-7.408450803677543,-2.6913076752015708,-6.346450304861207,-2.4262326688394156,-2.2808922869975605,-2.5181325989232723,-2.5828372918880453,-7.444836604311065,-2.5976113179012286,9.302048741015692,-4.2246417749859955,-8.169778156532495,-8.164911756936194,-5.688438299519416,-2.714524023526748,-2.567250970799876,-4.514086456438315,-8.422227072826495,-2.16794590045226,-4.909035274315247,-2.331595730675703,-2.3758315734982296,-2.2778404188901087
-3.5681196191778124,-3.0445526316066074,-4.937905608589857,-3.9242838841968744,-3.816504680849994,-3.7498406270587976,-4.4497846036988635,-3.146055083522354,-5.441600657418117,-3.007718468256064,-0.14790097331502972,-3.6672062209578518,-3.143569522100598,-7.773549184494348,-3.3428217839029046,-3.9218380501696175,-5.280506132019681,-7.004650220668447,-3.1871076086522008,-2.728528566523409,-5.5609494726574,8.591269752018261,-5.20861832812513,-2.8938764222619455
-18.740723481942762,-16.87524587113924,-13.550265347166619,-7.349160469110826,-19.284476234885023,-12.407351679296694,-12.254640926976833,-11.644779003878744,-9.256521460582618,-7.047250912724481,7.514840090103266,-7.633967681404366,-8.150627337754305,-14.181689887893544,-13.966902277233753,-10.335304252477595,-13.367586787653515,-15.014525555141166,-7.312160638977894,-7.289657815634449,-7.020968790383888,-10.029356776052794,-8.158684876375258,-24.910166228877227
10.58669481770056,7.403529638170527,2.4352259297221437,6.792378414327728,-2.912711637332113,8.394117113977513,-1.4085407525628748,-3.2338245650897863,-0.6326148270355494,4.099571250770719,19.445318652839887,5.35617648908573,2.87713430772489,-0.08457041876818011,2.3936045847527514,6.010450708692195,2.333577018172774,4.406724746836229,13.41026816181576,5.751324584355903,-4.986289433846428,7.916946164313833,9.070024281080594,7.741938043727561
8.945259844768401,-4.960372471325814,-14.255349652716276,4.695442689505094,-11.177930231735855,-7.150308863981893,5.111238412820514,17.163957482879958,-12.225917272965008,-0.7135590542973402,8.665837145140898,-14.11556025485351,5.119803278529268,5.3530767694299985,0.9346652321975355,4.608660651332484,-12.720060127559274,4.6704321150282535,4.533138634471697,-6.699645744826213,-1.1613510039084671,4.673242472607331,5.365287655253571,-13.07032537283885
-1.6122867476087623,8.426844888133678,-3.804153153926302,-4.30024836127159,-3.100412433231706,-3.0657180702253184,-3.512670791134109,-3.376560550228312,-3.8178473336990137,-3.782489607034752,-0.262925315807436,-3.7915700648228583,-3.1635612289007864,-3.517858417658244,-3.738854268861398,-4.113994843101951,-3.4872369738675726,-4.550123228040933,-3.049100178520187,-3.497292059861631,-3.739985603626544,-3.334770890410633,-3.098360949234106,-2.6635594547544366
1.3873496064704907,-13.250893027573062,-6.423951265646513,-3.398213461483207,-5.311405517681721,-6.083010250513581,1.5583054178541351,-13.216330613355124,-7.041003229204534,-12.541422917022619,10.694992358242205,-6.7317807493314605,-1.0631372654582876,-5.914416242034662,-6.6957295561580334,-1.2213003793142059,-1.4004296296256273,-10.250888106722892,-0.7942769606156875,-6.994043529972544,-5.8450150366641145,-6.018629733888411,-12.984831429390667,-10.026888736915078
-0.8998142777333393,-3.6389970350639023,-4.751016692981454,-3.558082654382229,-3.2028782346041638,-11.34052544235221,-1.4136502855739028,-11.523084249239423,-3.4388259933560823,-3.34109486575857,-7.5949474734101265,-2.8539741076645235,8.507528279720258,-3.426144484675959,-13.61269958201379,-11.730218491273117,-8.031928389037752,-3.42045282735737,-9.213258833021321,-10.558733268399372,-3.3804143670787736,-8.568344558300147,-7.61896151995554,-8.139312808345634
1.2410391508453247,-22.052534996819166,-7.620579295999116,-13.137056517037207,10.418594814611904,-5.904617877981976,0.8427872354842534,-1.802198044791487,-1.5062418349356932,-4.176211343614173,1.59296003469817,-0.9082603021019549,-8.546148043303313,-23.224683138890974,-16.484186394103876,-12.509269579201023,-4.613406920127045,-1.4625338343846996,-3.6267234180188423,0.28435119476022663,-1.8468714151116656,-1.305637711707226,-1.5762521842820942,1.1160437344975942
5.688356230702589,-2.214739829728277,0.15736196300956481,0.06325911733156872,6.923853447183936,-2.6986042285619205,3.1789192236799346,-6.510084261232143,4.95459896003704,-3.2063692742503225,6.576295588959297,-2.50709888089256,8.333376124079537,-7.314848929385847,-2.603505807415658,-2.653523659437673,-5.685534106818622,-7.4348446593781,4.022622186369657,8.185479898488525,-3.2950675570721004,6.079980679041821,-2.603083513255099,4.298137668051262
-3.856210668100218,-3.077039299549499,-9.926274580092551,-4.493829593266515,-5.158362262233702,-1.3668492580507774,-7.455987131760745,7.978348536505955,-5.041916288564782,-10.59504994790162,-2.556516177130811,-0.3330367913571003,-3.3242992585722813,2.8829551025604654,0.7269986391267895,0.115144670902502,3.2591588482534917,-4.983084217466,-3.839642894401145,-4.851687758498649,-3.115444839135547,-3.542480836527403,4.248380198848071,-3.5420271257689646
-2.238148286538351,-1.9702119350786775,-0.9313113738332096,-6.974449612326802,-10.384687588268362,-0.7514670526450642,-0.5235333391623482,-1.153579020094752,-0.3384317657859681,-0.6012892222603297,11.33696866802659,-5.411190301314657,-0.5947860665506276,-1.8658762141473761,-0.2758008152400388,-12.524448870913496,-6.6812013347835,-12.73340295792627,-0.787823006976225,-7.670094014406464,-8.125566680335718,-12.579725466556615,-0.3711299389502515,-8.812801025069295
5.166022146769055,3.5943435907521395,-2.36138732765625,0.8326897071106065,-1.7854876110457347,-3.2541412898191227,10.028537270076217,-2.3827196772847934,-2.435751213761559,-1.9748800732481577,0.28303577409455233,3.756386118881108,-2.5207779024213908,-1.7809941096028368,-1.7844734618465514,-1.8541253497974417,-3.8011541574694023,-2.341120922115154,-3.809038464129782,5.666265029752712,-1.8448667282383888,-1.7023293331926963,-1.202207730600314,6.211948495873525
3.986381662414466,2.7311493064421644,-3.1485468900340297,-0.40530951294990386,-1.7503144978402287,-2.371611905058953,9.207531226727706,-3.698219970952645,-4.330471904863217,-2.606243602991791,-0.21510939604277052,3.123109931276412,-3.693992178373928,-3.6052790908022345,-2.52464074403457,-2.174212514670092,-2.9375074295347567,-4.073405438985094,-2.2891540160252397,5.497621033264519,-3.9698468712584636,-2.8295957415307145,-3.740577043817126,5.597535452148419
2.7176120220201705,1.275896689885104,-5.642521113873522,-1.4038244091490866,-8.721210794801042,-7.714415554422176,4.648859300649093,-5.761075151860145,-8.435777434745535,-3.509217132849254,-0.6971099326694946,1.4876210337343692,8.536009790316722,-3.1539093216762395,-7.271075716912148,-9.564882208595728,-3.453618983553004,-11.339331644780001,-5.639540891230486,4.0651323241488,-3.6993210494476187,-6.074775238850548,-3.7921030362670334,4.199734419031563
4.356892002084848,-3.5931361602184864,-2.6107009950974276,-6.296783335239613,-4.4975402636871324,-4.919838496220136,1.8960449648184552,-7.384983389976718,-3.0420348175202774,-2.61844592865571,0.9742650638345288,-1.6233466726780343,-2.840555536188721,-2.724886585445522,-3.7293043409921935,-3.928678951337561,-2.782810127807497,-7.8344898422167555,-8.015305489561973,1.7036997452715554,-2.618355683991017,9.382062388407375,-2.3294611811755463,1.0292869880284172
3.9438604804179715,-8.690846395252343,-3.251129944035103,-3.7133475508948,-2.7679437170573924,-9.140969579199936,1.1958549106483436,-3.6018395577893587,-8.865778719243755,-8.9346074718188,9.003028249980979,-1.3674305076103985,-5.380286418797249,-3.110249826929185,-6.515271159886772,-6.942629919169008,-9.516520182630412,-4.555500561650824,-6.738424215426678,0.6339869020667773,-6.50955397491395,-2.9591214420030583,-2.743565594365231,0.7046516010319546
3.099494429561496,-3.503110664430367,-3.3204692523611508,-3.267815609352374,-4.0818332901581735,8.980880742875522,0.8978595573337385,-4.621007876218071,-2.8887657145993573,-5.823277578115489,0.6327817630045075,-2.208677510101046,-7.118948227416483,-10.93361570289067,-7.50739947617235,-4.404759434363674,-4.219898642737545,-7.4660940244904355,-10.48862507409247,-0.02198914630617707,-6.749861071070428,-5.305066308488573,-7.76319839141241,-0.10618805079538374
2.79361680900449,0.9425960280129354,-2.393843368627032,-1.4259028426557065,-4.051127136725538,-2.195176045106652,4.454265728288516,-8.088312223874109,-2.3396097559158138,-2.2735274715240372,9.51977678760741,-7.586438322371356,-3.876035498035721,-2.3759909044276957,-2.303936075705866,-6.675915248849745,-2.4425362241021653,-7.709330136808818,-4.560840884785459,3.7430583894222695,-2.362131811339158,-2.3049948680499046,-6.218912418094533,4.008958908184603
1.5536522703423377,-5.253327991419571,-4.079255753270362,-4.571914082488764,-6.961703489302497,-4.696025327915162,2.9097839594971515,-7.483429544798118,-3.0541152831187466,-2.8721122212882837,-0.11585933326996499,0.7817878382453235,-4.625827567350079,-7.298989658763364,-3.1703287387013144,-3.202404361331469,-5.469425295196933,-7.598604923760406,-2.4949367436051957,2.474183048363753,-7.171459304643542,-2.723556470451766,-4.0438294493450755,8.667164395006038
3.4262018887336905,1.5158836021156654,-3.2231940075641456,-18.527836660950307,10.604798992333803,-4.4689087247025725,5.031688144447464,-3.8086001181705074,-1.517172751612737,-15.788334686989112,1.8244809385780132,2.8829427356416857,-1.204099697000512,-2.0092176897939362,-1.2263246386405542,-1.1589259181730929,-1.7412563367721496,-1.1874505240600277,-25.0,4.399377933362761,-2.0514996857833605,-15.044024667050486,-4.13590023795539,4.4794846554744066
1.6397165707136148,-5.144335628994311,-4.992654028178239,-3.013467980365142,-4.732343897636113,-5.173078804652084,-4.932163130575089,-4.147038937932976,-4.656036740753629,-2.8356460736317923,8.121315661577396,-6.315756335398,-4.240859457434566,-3.5454206589277346,-3.7937801961966118,8.067195698386563,-3.0819075838518257,-5.588020622753949,-2.3683881192248917,-2.0797278486888073,-4.2393243344345155,-6.793547772604248,-4.805332524172737,-4.919329070341974
3.5425772363830834,-4.457678387124391,-4.296276967369217,-3.828053602489314,-9.423416755297374,-14.63638799602377,-1.539292508341592,-1.315907138776708,-1.6232659189174774,-6.64371545284901,10.335734053497601,-15.576384813839725,-1.5415677000957932,-6.406001108306538,-3.3610876560688805,-9.522212779334973,-1.3165036190670938,-3.8482705636775822,-3.4327705671441247,0.5463899888134746,-4.689626204168601,-3.3509424402730525,-22.275917419006696,-22.266081225624873
1.9034727803525435,-6.696485644167007,-3.665450250377714,-5.427601634035292,-5.134819073653873,-6.681498872323824,-0.8132757759205378,-6.4239357931437615,-5.981414950137303,-3.214792512107259,8.725878639863435,-2.38530281156341,-6.848235189471298,-6.194159915528443,-6.4216818674226435,-6.184004363077816,-5.609303642329959,-2.9939363797921925,-5.071322580642187,-3.0856324321298536,-4.927211872032253,-6.010238627082055,-5.061461988222765,-6.68066210148688
-1.7750031466286855,-9.693318531212013,-4.462380339717543,-7.334076358383235,-3.9913482123507893,-10.312829489697672,0.8776748783663283,-10.040874499539681,-4.368748336884733,-4.050866572336628,7.890473057777761,-2.275427465701301,-4.457529589687125,-4.290223098782524,-4.3757725487624874,-4.352533504337514,-4.309890606476227,-4.485453612403277,-4.193193692465151,-0.00509152067274417,-6.399957113774996,-7.374332937274562,-9.712076109988418,-3.199745952258584
1.128579337683422,-7.017037764207235,-1.995355747533624,-1.790991308967044,-5.618323492033385,-3.9353549410664703,2.4025153002946564,-1.951868044337775,-5.536730942366348,-3.948507960722148,1.571656787675457,0.20540499751857536,-5.554009012011966,-1.7308743909424662,-5.719897739845732,-6.63459325437071,-7.604873801812129,-5.501770121247797,9.89734692831691,2.4825074266290112,-1.962719233819327,-2.1007747655372238,-1.881043206685744,2.372094260058571
-16.089010543282736,-9.116248478593201,-8.72449143983934,-7.695708271986362,-7.782903398190052,-16.86956076980134,-4.2138304484604125,-7.736982510357597,-8.098226723271813,-7.706775131722233,4.018348126557575,-6.554228458014081,-21.279019910840443,-7.442567714780004,-9.510053733735758,-8.094021842600384,-7.9690292416755035,-7.926802959683504,-8.288571681221024,-4.683943753172829,-15.259800182107194,-9.180309011461269,-8.057257113105468,-5.146425499210797
-1.932550520070809,-4.363860409342105,-4.691260220693198,-4.389197911895254,-4.083433291426531,-3.7478983569917346,-4.22798920277294,-3.860055503765771,-4.994591231325822,-4.2237237545643,7.78932089872244,-4.588113675242201,-18.356393070007012,-7.846859880977009,-4.113001879171766,-4.155560605193186,-11.40427327092479,-4.890494725136815,-7.420008975572019,-7.011623651972398,-18.052914607989788,-4.235658451201432,-4.113876838777303,-13.767701093036862
1.9846338397485475,-1.2769735964751994,-7.1201418995303,-11.998754573031222,-2.486518668041222,-2.2529178866742177,-1.4806125750864823,-1.3588163653641627,-12.047442128642944,-1.7299820032424467,10.509635209679587,-7.077228483832023,-1.6398481594488603,-2.51242474426609,-6.085688040102513,-11.814098923080433,-1.24450366028794,-1.4085634673663436,-6.8582251021307705,-1.1598393817937236,-12.207436105208721,-12.329716621258736,-4.976252429175123,-1.3031691714649516
9.731653713737137,8.75780998427712,0.23881473597749964,-15.061421343338841,-14.659811531092473,-16.655242063705437,8.733509879987364,-14.264651060194094,8.010061034061259,20.60029211853506,11.868692148209245,-2.8523717432987508,-14.53269744491519,8.677282618561556,8.319199041371172,-6.848611674920108,-15.551369689628155,8.272622863077384,-14.4186115274757,-5.305540666073425,8.53608631457496,0.3844850496980279,-1.2508956317313054,8.885397672717588
-8.610622789804863,-3.6601222461634397,-3.080985005996135,-3.469964105509993,-3.136541478266365,-3.0044631061339686,-7.802892499439039,-3.7717468367085947,-3.3114425493672672,-3.164008828283312,-0.15590745229596314,-2.957582772346774,-3.933996554758846,-3.163634051494638,8.643341612976263,-3.2967682548938986,-7.38315763949505,-3.2031626965858817,-2.6100638940842207,-3.06560827661448,-3.412556630675784,-3.105848083027629,-3.1400067627249575,-3.0213689827062953
3.3463945165067166,-7.781086621181235,2.7129893803506375,2.9678859783115277,-2.4186195216776127,-25.0,2.728062695147867,2.7053953046751698,3.0029570693316394,3.198762400186733,14.923859955039015,2.7258620058080756,3.123535048795274,2.785887660881903,2.9765469361195933,3.0586163107428064,-24.986334701135828,3.1074094613777823,3.51999404824516,3.1204623572100973,2.194962452890663,-7.5420624494950665,3.004057007601643,-0.11357878077160935
9.1794305484592,-3.038556946083331,-19.570601492433273,-7.487190658424458,-7.219764754604523,-2.710368807741397,-2.6441708762673133,-6.264212389644158,-3.124655648162817,-5.8896137748325925,0.41219339392629717,-3.6792410923955132,-2.47439931129385,-3.958503386915444,-4.6163979820136065,-3.5717981717973584,-3.0218414143500665,-3.149319770582937,-21.571895282019817,-2.944540285426176,-3.67649436790458,-16.73124474597409,-3.5813495563306734,-3.8598857522287378
3.5743357799805495,-5.592725711788032,-0.49007892932856906,-1.7617273147155914,4.0942828542131195,-5.425545764784089,2.410385006304179,-5.429355820210507,3.615391673841179,-5.997128293282419,3.4253658272433265,-5.861289109322294,4.297116251966725,-5.9856358896629525,-5.827868386985384,-6.00507044350557,-5.423061036013094,-5.967875056799821,2.6375232695659734,3.746312080204097,-5.4770759284580945,3.366118855489671,-5.910543177663226,1.3818598443358538
-21.234114309548186,-13.333152409247582,-22.796192779519213,-24.268558518252224,-13.668657641097896,-11.297373094037205,-13.560044282173157,-3.4439590648247056,-13.296486918527602,-12.209149268809815,-12.595809111984394,-13.992417066599616,-13.874077307607953,-6.994571127165816,-12.890518538310095,-10.295800153198973,-5.739185256972191,-13.497913367597798,-13.608581041329927,-20.757996531402615,-15.659955310121106,-25.0,-4.228165632515927,-16.274785884260737
-9.813794954456467,-6.815540494326827,-5.015468107881647,9.725686895394801,-2.181573231134997,-5.456786839723578,-1.9733012355296908,-2.586281681230095,-2.182249166997971,-2.8999742738285432,-0.6163740482780218,-2.1144102073404083,-2.0010311841893538,-2.6997695667181993,-3.88945884354265,-6.562415930652855,-2.430868413864765,-2.5095194414814097,-2.162724846518111,-4.876857319091669,-3.753524742625348,-6.606888667220935,-2.096261345058574,-2.6620917061175318
